IMONE;EL_PASTAS;NUORODA
Girteka Logistics;info@girteka.eu;https://for-driver.info/review-company/Girteka_Logistics.html
NILSON;Nilson.office@nilson.com.pl;https://for-driver.info/en/review-company/NILSON.html
AGMAZ Agnieszka Mazur;biuro@agmaz.pl;https://for-driver.info/en/review-company/AGMAZ.html
Scorpio Trans;info.scorpio.trans@gmail.com;https://for-driver.info/en/review-company/Scorpio-Trans.html
MAGTRANS Sp. z o. o.;magtrans@magtrans.eu;https://for-driver.info/en/review-company/MAGTRANS-.html
Xelena;info@xelena.biz;https://for-driver.info/en/review-company/Xelena.html
PRODRIVERS;office@prodrivers.company;https://for-driver.info/en/review-company/PRODRIVERS.html
INTERTRANS sp. z o.o.;lodz@intertrans.pl;https://for-driver.info/en/review-company/Intertrans_Łódź.html
Girteka Logistics;info@girteka.eu;https://for-driver.info/review-company/Girteka_Logistics.html
Fructus sp. z o. o.;biuro@fructustransport.com;https://for-driver.info/en/review-company/Fructus-Transport.html
Boekestijn Transport Sp. z o.o.;boekestijn@boekestijn.com.pl;https://for-driver.info/en/review-company/BOEKESTIJN-TRANSPORT.html
Maszonski Logistic;robert.s@maszonski.com;https://for-driver.info/en/review-company/Maszonski-Logistic.html
Newcon Sp. z o.o.;newcon@interia.pl;https://for-driver.info/en/review-company/NEWCON-Transport.html
PG Trans;;https://for-driver.info/en/review-company/PG-Trans.html
MINWIJA;giedrius@minwija.pl;https://for-driver.info/en/review-company/MINWIJA.html
CTK Logistics SA;sekretariat@ctk-logistics.pl;https://for-driver.info/en/review-company/CTK-Logistics.html
Girteka Logistics;info@girteka.eu;https://for-driver.info/review-company/Girteka_Logistics.html
DOMO-BEST Sp. z o.o. Sp.K.;biuro@domo-best.pl;https://for-driver.info/en/review-company/Domo-Best.html
Charter Group;info@charter.net.pl;https://for-driver.info/en/review-company/Charter.html
MWB Trans - Mariusz Wieczorek;biuro@mwbtrans.pl;https://for-driver.info/en/review-company/MWB-Trans---Mariusz-Wieczorek.html
Arka Sp. z o.o.;info@arka.eu;https://for-driver.info/en/review-company/ARKA.html
Balkan Euro Tir;info@balkaneurotir.com;https://for-driver.info/en/review-company/Balkan-Euro-Tir.html
ELMEX Logistics Group Sp. z o.o.;biuro@elmex.com.pl;https://for-driver.info/en/review-company/Elmex.html
Cargo Expert Group Sp. z o.o.;rekrutacja@cargoexpert.pl;https://for-driver.info/en/review-company/CARGO-EXPERT.html
Girteka Logistics;info@girteka.eu;https://for-driver.info/review-company/Girteka_Logistics.html
ATM LOGISTICS;atm@atmlogistics.pl;https://for-driver.info/en/review-company/ATM-LOGISTICS.html
Yukon Transit;krakow@yukon-transit.pl;https://for-driver.info/en/review-company/Yukon-Transit.html
Marcotran Polska;marcotran@marcotran.pl;https://for-driver.info/en/review-company/Marcotran-Polska.html
AR Trucking Agnieszka Gawrysiak;artrucking@artrucking.pl;https://for-driver.info/en/review-company/AR-Trucking.html
SERVIRED SP. Z.O.O;info@servired-trans.com;https://for-driver.info/en/review-company/SERVIRED.html
KOIMEX S.A.;biuro@koimex.pl;https://for-driver.info/en/review-company/KOIMEX.html
NATANEK NOVA Sp. z o.o.;kontakt@natanek.com.pl;https://for-driver.info/en/review-company/Natanek.html
Girteka Logistics;info@girteka.eu;https://for-driver.info/review-company/Girteka_Logistics.html
BATIM TRANSPORT;barbara@batim.pl;https://for-driver.info/en/review-company/BATIM.html
TAJ Transport Air Cargo Service;taj@taj.com.pl;https://for-driver.info/en/review-company/TAJ.html
Antwerk;Info@antwerk.eu;https://for-driver.info/en/review-company/Antwerk.html
ILTRANS TRANSPORT;daria.predko@iltrans.pl;https://for-driver.info/en/review-company/ILTRANS-TRANSPORT.html
ILTRANS;info@iltrans.eu;https://for-driver.info/en/review-company/ILTRANS.html
KOCIUK LOGISTICS;info@kociuk.pl;https://for-driver.info/en/review-company/KOCIUK-LOGISTICS.html
Sachs Trans International Sp. z o.o.;biuro@sachstrans.pl;https://for-driver.info/en/review-company/SACHS-TRANS.html
Girteka Logistics;info@girteka.eu;https://for-driver.info/review-company/Girteka_Logistics.html
P&S Logistyka;info@pslogistyka.com;https://for-driver.info/en/review-company/P&S-Logistyka.html
EM Group;biuro@emgroup.com.pl;https://for-driver.info/en/review-company/EM-Group.html
Euro Flex Cargo Poland;info.pl@euroflexcargo.eu;https://for-driver.info/en/review-company/Euro-Flex-Cargo-Poland.html
Fedko sp. z o.o.;mailto@fedkoin.eu;https://for-driver.info/en/review-company/fedko-sp-z-oo.html
LINK Sp. z o.o.;link@linktransport.eu;https://for-driver.info/en/review-company/LINK.html
DPL Transport;dpl@dpl.com.pl;https://for-driver.info/en/review-company/DPL-Transport.html
Adk Transport Sp. z o.o.;adktransport.spzoo@gmail.com;https://for-driver.info/en/review-company/adk-transport-sp-z-oo.html
Girteka Logistics;info@girteka.eu;https://for-driver.info/review-company/Girteka_Logistics.html
Skrzypczyk-Trans;spedycja@skrzypczyk-trans.com;https://for-driver.info/en/review-company/Skrzypczyk-Trans.html
DUKA TRANS;dukatrans@dukatrans.pl;https://for-driver.info/en/review-company/DUKA-TRANS.html
TRANS-CO Marcin Łukasik;biuro@trans-co.pl;https://for-driver.info/en/review-company/TRANS-CO-Marcin-Łukasik.html
Apport Logistyka;spedycja@apport.com.pl;https://for-driver.info/en/review-company/Apport-Logistyka.html
Teslox;info@teslox.pl;https://for-driver.info/en/review-company/Teslox-.html
EBIS Transport;darek@ebistrucks.pl;https://for-driver.info/en/review-company/EBIS-Transport.html
Vista Sp. z o.o.;info@vista-pl.com;https://for-driver.info/en/review-company/vista-sp-z-oo.html
Girteka Logistics;info@girteka.eu;https://for-driver.info/review-company/Girteka_Logistics.html
ZET Transport Sp. z o.o.;biuro@zettransport.com;https://for-driver.info/en/review-company/ZET-Transport.html
KS Trans Krzysztof Sosnówka;kontakt@kstrans.pl;https://for-driver.info/en/review-company/KS-Trans-Krzysztof-Sosnówka.html
Andersen Euro Handel;ma@aeh.pl;https://for-driver.info/en/review-company/Andersen-Euro-Handel.html
Lauvjah Spedycja Sp. z o.o.;finanse@oskar.com.pl;https://for-driver.info/en/review-company/lauvjah-spedycja-sp-zoo.html
ARTIMAS;office@artimas.pl;https://for-driver.info/en/review-company/ARTIMAS.html
Sokol Group;sokolovtransport@gmail.com;https://for-driver.info/en/review-company/Sokol-Group.html
Europegaz;transport@europegaz.com.pl;https://for-driver.info/en/review-company/Europegaz.html
Girteka Logistics;info@girteka.eu;https://for-driver.info/review-company/Girteka_Logistics.html
ZET Transport Sp. z o.o.;biuro@zettransport.com;https://for-driver.info/en/review-company/ZET-Transport.html
Andersen Euro Handel;ma@aeh.pl;https://for-driver.info/en/review-company/Andersen-Euro-Handel.html
KS Trans Krzysztof Sosnówka;kontakt@kstrans.pl;https://for-driver.info/en/review-company/KS-Trans-Krzysztof-Sosnówka.html
Girteka Logistics Poland Sp. z o.o.;driver.poland@girteka.eu;https://for-driver.info/en/review-company/girteka-logistics-poland-sp-zoo.html
Transport Gapiński Sp. z o.o.;office@transport-gapinski.com;https://for-driver.info/en/review-company/Władysław-Gapiński.html
Wysoczanski Transport;biuro@wysoczanski.eu;https://for-driver.info/en/review-company/Wysoczanski-Transport.html
Logistic Evex Sp. z o.o.;tomek@logistic-evex.pl;https://for-driver.info/en/review-company/Logistic-Evex.html
Girteka Logistics;info@girteka.eu;https://for-driver.info/review-company/Girteka_Logistics.html
HiT Transport;wolsztyn@hit-transport.pl;https://for-driver.info/en/review-company/HiT-Transport.html
SEMREG-D TRANSPORT;;https://for-driver.info/en/review-company/SEMREG-D-TRANSPORT.html
TARGOR-TRUCK Sp z o.o.;sekretariat@targor-truck.pl;https://for-driver.info/en/review-company/TARGOR-TRUCK.html
Bianco Logistic Sp. z o.o.;biuro@biancologistic.pl;https://for-driver.info/en/review-company/Bianco-Logistic.html
BERTANI;info@bertanipoland.com.pl;https://for-driver.info/en/review-company/BERTANI.html
Marathon International sp. z o.o. sp. k.;inquiry@emarathon.eu;https://for-driver.info/en/review-company/MARATHON.html
EPO-Trans Logistic;kadry@epo-trans.pl;https://for-driver.info/en/review-company/EPO-Trans-Logistic.html
Girteka Logistics;info@girteka.eu;https://for-driver.info/review-company/Girteka_Logistics.html
SPER-TRANS A.J.P.;office@sper-trans.pl;https://for-driver.info/en/review-company/SPER-TRANS.html
DFL Transport;biuro@dfl-group.com;https://for-driver.info/en/review-company/DFL-Transport.html
PWP GROUP Sp. z o.o.;biuro@pwptransport.pl;https://for-driver.info/en/review-company/pwp-group-sp-z-oo.html
Girteka Logistics Poland Sp. z o.o.;driver.poland@girteka.eu;https://for-driver.info/en/review-company/girteka-logistics-poland-sp-zoo.html
Transport Gapiński Sp. z o.o.;office@transport-gapinski.com;https://for-driver.info/en/review-company/Władysław-Gapiński.html
COLTRANS Sp. z o.o.;coltrans@coltrans.pl;https://for-driver.info/en/review-company/Coltrans.html
Special Trade;;https://for-driver.info/en/review-company/Special-Trade.html
Girteka Logistics;info@girteka.eu;https://for-driver.info/review-company/Girteka_Logistics.html
H&S Transport Sp. Z o.o.;officepl@hs-group.eu;https://for-driver.info/en/review-company/H&S-Transport.html
PHU ELKOR;elkor@post.pl;https://for-driver.info/en/review-company/ELKOR.html
DANEMA TSL;danema.tsl@interia.eu;https://for-driver.info/en/review-company/DANEMA-TSL.html
KM-CARGO;info@km-cargo.com;https://for-driver.info/en/review-company/KM-CARGO.html
SASTRANS NOVA Sp. z o.o.;info@sastrans.pl;https://for-driver.info/en/review-company/SASTRANS.html
Arcese Polska sp. z o.o.;arcesepolska@arcese.com;https://for-driver.info/en/review-company/Arcese-Polska.html
CHOMAR International Transport;zabrodskyi.o@chomar.pl;https://for-driver.info/en/review-company/CHOMAR-International-Transport.html
Girteka Logistics;info@girteka.eu;https://for-driver.info/review-company/Girteka_Logistics.html
Arcese Polska sp. z o.o.;arcesepolska@arcese.com;https://for-driver.info/en/review-company/Arcese-Polska.html
Francepol Sp. z o.o.;info@francepol.com.pl;https://for-driver.info/en/review-company/Francepol.html
Transterra Polska Sp. z o.o.;planning@transterra.nl;https://for-driver.info/en/review-company/Transterra-Polska.html
Tayga Transport Sp. z o.o.;hello@tayga.group;https://for-driver.info/en/review-company/tayga-transport-sp-z-oo.html
CHOMAR International Transport;zabrodskyi.o@chomar.pl;https://for-driver.info/en/review-company/CHOMAR-International-Transport.html
M&R Logistics Sp. z o.o.;biuro@mrlogistics.pl;https://for-driver.info/en/review-company/M&R-Logistics.html
Auto-Handel-Transport Giltrans;karolgil23@wp.pl;https://for-driver.info/en/review-company/Auto-Handel-Transport-Giltrans.html
Girteka Logistics;info@girteka.eu;https://for-driver.info/review-company/Girteka_Logistics.html
PPHU Stylinart Sp. z o.o.;info@stylinart.pl;https://for-driver.info/en/review-company/Stylinart.html
DTLS S.A Drozda Transport;biuro@drozda-transport.pl;https://for-driver.info/en/review-company/DROZDA-TRANSPORT.html
Arcese Polska sp. z o.o.;arcesepolska@arcese.com;https://for-driver.info/en/review-company/Arcese-Polska.html
Francepol Sp. z o.o.;info@francepol.com.pl;https://for-driver.info/en/review-company/Francepol.html
Spartank;dispo@spartank.eu;https://for-driver.info/en/review-company/Spartank.html
Individual Transport Sp. z o.o.;biuro@individual-transport.eu;https://for-driver.info/en/review-company/individual-transport-sp-zoo.html
GLOBAL Sp. z o.o.;sekretariat@global.gdynia.pl;https://for-driver.info/en/review-company/GLOBAL.html
Girteka Logistics;info@girteka.eu;https://for-driver.info/review-company/Girteka_Logistics.html
Cardeliver Artur Baltrukevich;;https://for-driver.info/en/review-company/cardeliver-artur-baltrukevich.html
EL-TRANS S.A.;biuro@el-trans.com;https://for-driver.info/en/review-company/EL-TRANS.html
Pride Logistics;INFO.PRIDE.LOGISTICS@MAIL.RU;https://for-driver.info/en/review-company/Pride-Logistics.html
Magistral Transport Sp. z o.o.;Info@magistral-transport.com;https://for-driver.info/en/review-company/MAGISTRAL-TRANSPORT.html
Citronex I Sp. z o.o.;info@citronex.pl;https://for-driver.info/en/review-company/Citronex.html
TRON Group Sp. z o.o.;biuro@trongroup.pl;https://for-driver.info/en/review-company/TRON-Group.html
EM-Trans;emtrans@poczta.onet.pl;https://for-driver.info/en/review-company/EM-Trans.html
Girteka Logistics;info@girteka.eu;https://for-driver.info/review-company/Girteka_Logistics.html
EM-Trans;emtrans@poczta.onet.pl;https://for-driver.info/en/review-company/EM-Trans.html
ZTRANS Sp. z o.o.;biuro@ztrans.pl;https://for-driver.info/en/review-company/ZTRANS.html
Vuz Transport Sp. z o.o.;admin@vuztransport.com;https://for-driver.info/en/review-company/Vuz-Transport-Sp-zoo.html
TOMASZ BOCHENEK;tbochen3@vp.pl;https://for-driver.info/en/review-company/TOMASZ-BOCHENEK.html
MS Projekt sp. z o.o;transport@msproject.eu;https://for-driver.info/en/review-company/MS-Projekt.html
THERMO TRANSIT POLAND;ttp@thermo-transit.pl;https://for-driver.info/en/review-company/THERMO-TRANSIT-POLAND.html
Janas Logistics Sp. z o.o.;zbyszek@transport-janas.pl;https://for-driver.info/en/review-company/Janas-Logistics.html
Girteka Logistics;info@girteka.eu;https://for-driver.info/review-company/Girteka_Logistics.html
ROOS Spedition;biuro@roos.com.pl;https://for-driver.info/en/review-company/ROOS-Spedition.html
Europe Group sp. z o.o.;kontakt@europegroup.pl;https://for-driver.info/en/review-company/Europe-Group.html
Warrior Krzysztof Gering;warrior.gering@onet.eu;https://for-driver.info/en/review-company/Warrior-Krzysztof-Gering.html
HEADWAYPOLAND;headwaypoland@gmail.com;https://for-driver.info/en/review-company/HEADWAYPOLAND.html
PIASTA Sp.J.;spedycja@piasta-transport.pl;https://for-driver.info/en/review-company/piasta-spj.html
Avanti Mariusz Winiarek;;https://for-driver.info/en/review-company/Avanti-Mariusz-Winiarek.html
TP Speed Trans - Piotr Chwićko;biuro@tpspeedtrans.com;https://for-driver.info/en/review-company/TP-Speed-Trans-Piotr-Chwićko.html
Girteka Logistics;info@girteka.eu;https://for-driver.info/review-company/Girteka_Logistics.html
Daniel Kobierecki;;https://for-driver.info/en/review-company/Daniel-Kobierecki.html
Day Night Logistics;contact@daynightlogistics.eu;https://for-driver.info/en/review-company/day-night-logistics.html
THERMO TRANSIT POLAND;ttp@thermo-transit.pl;https://for-driver.info/en/review-company/THERMO-TRANSIT-POLAND.html
Janas Logistics Sp. z o.o.;zbyszek@transport-janas.pl;https://for-driver.info/en/review-company/Janas-Logistics.html
HOOTER TRANSPORT Stanisław Buczek;hooter@gmail.com;https://for-driver.info/en/review-company/HOOTER-Stanisław-Buczek.html
PROFISPED ANDATRANS SP. Z O.O.;info@profisped.com;https://for-driver.info/en/review-company/Profisped.html
TRANS-WEG;info@trans-weg.com;https://for-driver.info/en/review-company/TRANS-WEG.html
Girteka Logistics;info@girteka.eu;https://for-driver.info/review-company/Girteka_Logistics.html
K&K GROUP sp. z o.o.;biuro@kkgroup.com.pl;https://for-driver.info/en/review-company/kk-group-sp-z-oo.html
Transtone Logistics Sp. z o.o.;rekrutacja@transtonelogistics.pl;https://for-driver.info/en/review-company/Transtone-Logistics.html
MODEST;modestmt@o2.pl;https://for-driver.info/en/review-company/MODEST.html
ECO Spedycja;biuro@ecospedycja.pl;https://for-driver.info/en/review-company/ECO-Spedycja.html
Transland sp.j.;transland@transland.com.pl;https://for-driver.info/en/review-company/Transland.html
Fixemer Logistics;fsl-disposition@fixemer.com;https://for-driver.info/en/review-company/Fixemer-Logistics.html
Demotrans;andrzej.blach@demotrans.pl;https://for-driver.info/en/review-company/Demotrans.html
Girteka Logistics;info@girteka.eu;https://for-driver.info/review-company/Girteka_Logistics.html
TRANS-PIK;biuro@transpik.pl;https://for-driver.info/en/review-company/TRANS-PIK.html
AL-TRANS Leszek Kopeć;biuro@al-trans.com.pl;https://for-driver.info/en/review-company/AL-TRANS-Leszek-Kopeć.html
ALEXAS  sp. z o.o.;biuro@alexas.pl;https://for-driver.info/en/review-company/ALEXAS.html
K&K GROUP sp. z o.o.;biuro@kkgroup.com.pl;https://for-driver.info/en/review-company/kk-group-sp-z-oo.html
Transtone Logistics Sp. z o.o.;rekrutacja@transtonelogistics.pl;https://for-driver.info/en/review-company/Transtone-Logistics.html
MODEST;modestmt@o2.pl;https://for-driver.info/en/review-company/MODEST.html
ECO Spedycja;biuro@ecospedycja.pl;https://for-driver.info/en/review-company/ECO-Spedycja.html
Girteka Logistics;info@girteka.eu;https://for-driver.info/review-company/Girteka_Logistics.html
Ytk-Trans Sp. z o.o.;ytk.bahachov@gmail.com;https://for-driver.info/en/review-company/ytk-trans-sp-z-oo.html
TRANS-WEG;info@trans-weg.com;https://for-driver.info/en/review-company/TRANS-WEG.html
Gerex II;kadry@g2transport.com;https://for-driver.info/en/review-company/Gerex-II.html
SKÓRSKI-TRANSPORT;info@skorski-transport.pl;https://for-driver.info/en/review-company/SKÓRSKI-TRANSPORT.html
TRANS-PIK;biuro@transpik.pl;https://for-driver.info/en/review-company/TRANS-PIK.html
Rar Trans;;https://for-driver.info/en/review-company/Rar-Trans.html
PUH Eltrans Janusz Leszek Kmoch;jakub@eltrans-tsl.pl;https://for-driver.info/en/review-company/ELTRANS.html
Girteka Logistics;info@girteka.eu;https://for-driver.info/review-company/Girteka_Logistics.html
Fire Trans;info.firetrans@gmail.com;https://for-driver.info/en/review-company/Fire-Trans.html
JOLTAR;biuro@joltar.com;https://for-driver.info/en/review-company/JOLTAR.html
Nowakowski Transport;praca@nowakowski-trans.pl;https://for-driver.info/en/review-company/Nowakowski-Transport.html
Majchrzak Transport;mariologistic@wp.pl;https://for-driver.info/en/review-company/Majchrzak-Transport.html
Nico Mooij;maciej@nicomooij.com;https://for-driver.info/en/review-company/Nico-Mooij.html
DUHABEX Sp. z o.o.;biuro@duhabex.pl;https://for-driver.info/en/review-company/DUHABEX.html
Nika Inter Trans;info@nikaintertrans.com;https://for-driver.info/en/review-company/Nika-Inter-Trans.html
Girteka Logistics;info@girteka.eu;https://for-driver.info/review-company/Girteka_Logistics.html
Rar Trans;;https://for-driver.info/en/review-company/Rar-Trans.html
PUH Eltrans Janusz Leszek Kmoch;jakub@eltrans-tsl.pl;https://for-driver.info/en/review-company/ELTRANS.html
F.U.D. Jakub Norbert Szmalec;norbik2@poczta.onet.pl;https://for-driver.info/en/review-company/F-U-D--Jakub-Norbert-Szmalec.html
Fire Trans;info.firetrans@gmail.com;https://for-driver.info/en/review-company/Fire-Trans.html
JOLTAR;biuro@joltar.com;https://for-driver.info/en/review-company/JOLTAR.html
Nowakowski Transport;praca@nowakowski-trans.pl;https://for-driver.info/en/review-company/Nowakowski-Transport.html
Majchrzak Transport;mariologistic@wp.pl;https://for-driver.info/en/review-company/Majchrzak-Transport.html
Girteka Logistics;info@girteka.eu;https://for-driver.info/review-company/Girteka_Logistics.html
JOLTAR;biuro@joltar.com;https://for-driver.info/en/review-company/JOLTAR.html
ZAMMLER POLSKA;service@zammler.com.ua;https://for-driver.info/en/review-company/ZAMMLER-POLSKA.html
Nika Inter Trans;info@nikaintertrans.com;https://for-driver.info/en/review-company/Nika-Inter-Trans.html
Isoswiss Sp. z o.o.;;https://for-driver.info/en/review-company/isoswiss-sp-z-oo.html
Nowakowski Transport;praca@nowakowski-trans.pl;https://for-driver.info/en/review-company/Nowakowski-Transport.html
Transkor S.p Z.o.o;transkor@transkor.eu;https://for-driver.info/en/review-company/Transkor.html
Damian Maroszek Transport;biuro@transportmaroszek.pl;https://for-driver.info/en/review-company/Damian-Maroszek-Transport.html
Girteka Logistics;info@girteka.eu;https://for-driver.info/review-company/Girteka_Logistics.html
LUTOBORSKI SPEDITION Piotr Lutoborski;biuro@lutoborski-spedition.pl;https://for-driver.info/en/review-company/lutoborski-spedition-piotr-lutoborski.html
BEE GROUP;;https://for-driver.info/en/review-company/BEE-GROUP.html
AGROMEX;agromex@agromex.pl;https://for-driver.info/en/review-company/AGROMEX.html
POLMEX;polmex.rekrutacja@gmail.com;https://for-driver.info/en/review-company/POLMEX.html
ABM LOGISTICS;biuro@abmlogistic.pl;https://for-driver.info/en/review-company/ABM-LOGISTICS.html
Hw Special Transport Sp. z o.o.;imariusik@hegelmann.com;https://for-driver.info/en/review-company/Hw-Special-Transport-Sp-zoo.html
TRANS PATAN;transpatan@op.pl;https://for-driver.info/en/review-company/TRANS-PATAN.html
Girteka Logistics;info@girteka.eu;https://for-driver.info/review-company/Girteka_Logistics.html
Sedim Transport;info@sedim.com.pl;https://for-driver.info/en/review-company/Sedim-Transport.html
MEGA-POL-TRANS Piotr Czarnota;spedycja@mega-pol-trans.pl;https://for-driver.info/en/review-company/MEGA-POL-TRANS-Piotr-Czarnota.html
Shar Trans Sp. z o.o.;office@shartrans.com;https://for-driver.info/en/review-company/Shar-Trans.html
TRANS PATAN;transpatan@op.pl;https://for-driver.info/en/review-company/TRANS-PATAN.html
ZINEK transport;zinek.transport@gmail.com;https://for-driver.info/en/review-company/ZINEK-transport.html
TRANS POLONIA S.A.;info@transpolonia.pl;https://for-driver.info/en/review-company/Trans-Polonia.html
B.B.B.M.-Transtrade;biuro@likwidacjaszkodbp.eu;https://for-driver.info/en/review-company/BBBM-Transtrade.html
Girteka Logistics;info@girteka.eu;https://for-driver.info/review-company/Girteka_Logistics.html
MEGA-POL-TRANS Piotr Czarnota;spedycja@mega-pol-trans.pl;https://for-driver.info/en/review-company/MEGA-POL-TRANS-Piotr-Czarnota.html
Shar Trans Sp. z o.o.;office@shartrans.com;https://for-driver.info/en/review-company/Shar-Trans.html
Kawecki Transport;cezary.kawecki@wp.pl;https://for-driver.info/en/review-company/Kawecki-Transport.html
Sedim Transport;info@sedim.com.pl;https://for-driver.info/en/review-company/Sedim-Transport.html
Hw Special Transport Sp. z o.o.;imariusik@hegelmann.com;https://for-driver.info/en/review-company/Hw-Special-Transport-Sp-zoo.html
TRANS PATAN;transpatan@op.pl;https://for-driver.info/en/review-company/TRANS-PATAN.html
ZINEK transport;zinek.transport@gmail.com;https://for-driver.info/en/review-company/ZINEK-transport.html
Girteka Logistics;info@girteka.eu;https://for-driver.info/review-company/Girteka_Logistics.html
Rotrans P.T.H.;buiro@rotrans-wyszkow.pl;https://for-driver.info/en/review-company/ROTRANS.html
TRAFFIC Paweł Ławniczak;info@traffic.com.pl;https://for-driver.info/en/review-company/TRAFFIC-Paweł-Ławniczak.html
Legarto Logistic Sp. z o.o.;robota@legarto.pl;https://for-driver.info/en/review-company/Legarto.html
Arto-Plus PUH S.C.;biuro@arto-plus.pl;https://for-driver.info/en/review-company/Arto-Plus.html
Larmax-Trans;m.jagiello@larmax-trans.eu;https://for-driver.info/en/review-company/Larmax-Trans.html
Mazury-Trans Sp z o.o.;marcin.cejman@mazury-trans.pl;https://for-driver.info/en/review-company/Mazury-Trans.html
Vos Logistics Polska Sp. z o.o.;praca@voslogistics.com;https://for-driver.info/en/review-company/Vos-Logistics.html
Girteka Logistics;info@girteka.eu;https://for-driver.info/review-company/Girteka_Logistics.html
Sese Polska Sp.z.o.o.;tadeusz.rogowski@gruposese.com;https://for-driver.info/en/review-company/sese-polska-spzoo.html
ATS LOGISTICS - Adamkiewicz;transport@trans-adamkiewicz.pl;https://for-driver.info/en/review-company/ATS-LOGISTICS-Adamkiewicz.html
Tir Trans-Iryna Zakharchyk;irinazaharcik@gmail.com;https://for-driver.info/en/review-company/tir-trans-iryna-zakharchyk.html
TKS-TRANS;tks@tks-trans.pl;https://for-driver.info/en/review-company/TKS-TRANS.html
P.H.U.TRANSPORT Dariusz Putyra;;https://for-driver.info/en/review-company/P-H-U-TRANSPORT-Dariusz-Putyra.html
Transkom Polska Sp.z.o.o.;info@transkom-polska.com;https://for-driver.info/en/review-company/Transcom-Polska.html
DIMMEX Dmitrij Makarov;logist@dimmex.pl;https://for-driver.info/en/review-company/DIMMEX-Dmitrij-Makarov.html
Girteka Logistics;info@girteka.eu;https://for-driver.info/review-company/Girteka_Logistics.html
I.Trans SP. Z O.O.;info@itrans-sped.com;https://for-driver.info/en/review-company/I-TRANS.html
PPJ Logistics Sp. z o.o.;info@ppj24.pl;https://for-driver.info/en/review-company/ppj-logistics-sp-z-oo.html
CB Trade;office@cbtrade.pl;https://for-driver.info/en/review-company/CB-Trade.html
TW LOG;;https://for-driver.info/en/review-company/TW-LOG.html
Foltrans Center;biuro@foltrans.com.pl;https://for-driver.info/en/review-company/Foltrans-Center.html
K.E.M. Logistik Karolina Rynkiewicz;;https://for-driver.info/en/review-company/kem-logistik-karolina-rynkiewicz.html
GB Automotive Poland;info@gbautomotive.pl;https://for-driver.info/en/review-company/GB-Automotive-Poland.html
Girteka Logistics;info@girteka.eu;https://for-driver.info/review-company/Girteka_Logistics.html
Deluxe Trans Sp. z o.o.;deluxetrans@wp.pl;https://for-driver.info/en/review-company/Deluxe-Trans-Sp-zoo.html
MŁYNPOL;mlynpol@gmail.com;https://for-driver.info/en/review-company/MŁYNPOL.html
REGESTA;office@regesta.pl;https://for-driver.info/en/review-company/REGESTA-.html
Mainfreight Poland Sp. zo.o.;mainfreight.poland@mainfreight.com;https://for-driver.info/en/review-company/Mainfreight-Transport.html
Kigar Sp. z o.o.;kigar@kigar.com;https://for-driver.info/en/review-company/Kigar.html
Klimex Artur Klimek;;https://for-driver.info/en/review-company/klimex-artur-klimek.html
Future Logistics;;https://for-driver.info/en/review-company/Future-Logistics.html
Girteka Logistics;info@girteka.eu;https://for-driver.info/review-company/Girteka_Logistics.html
Vos Logistics Polska Sp. z o.o.;praca@voslogistics.com;https://for-driver.info/en/review-company/Vos-Logistics.html
Auto-Ben Kamil Karolczyk;biuro@auto-ben.pl;https://for-driver.info/en/review-company/Auto-Ben-Kamil-Karolczyk.html
ATS LOGISTICS - Adamkiewicz;transport@trans-adamkiewicz.pl;https://for-driver.info/en/review-company/ATS-LOGISTICS-Adamkiewicz.html
Sese Polska Sp.z.o.o.;tadeusz.rogowski@gruposese.com;https://for-driver.info/en/review-company/sese-polska-spzoo.html
Transkom Polska Sp.z.o.o.;info@transkom-polska.com;https://for-driver.info/en/review-company/Transcom-Polska.html
DIMMEX Dmitrij Makarov;logist@dimmex.pl;https://for-driver.info/en/review-company/DIMMEX-Dmitrij-Makarov.html
SM LOGISTIC;rekrutacja@smlogistic.com;https://for-driver.info/en/review-company/SM-LOGISTIC.html
Girteka Logistics;info@girteka.eu;https://for-driver.info/review-company/Girteka_Logistics.html
Kawecki Transport;cezary.kawecki@wp.pl;https://for-driver.info/en/review-company/Kawecki-Transport.html
Sedim Transport;info@sedim.com.pl;https://for-driver.info/en/review-company/Sedim-Transport.html
MEGA-POL-TRANS Piotr Czarnota;spedycja@mega-pol-trans.pl;https://for-driver.info/en/review-company/MEGA-POL-TRANS-Piotr-Czarnota.html
Shar Trans Sp. z o.o.;office@shartrans.com;https://for-driver.info/en/review-company/Shar-Trans.html
Prokorym Logistics;biuro@prokorym-transport.pl;https://for-driver.info/en/review-company/Prokorym-Logistics.html
TCA Sp. z o.o.;biuro@tca-transport.pl;https://for-driver.info/en/review-company/tca-sp-z-oo.html
CARTER Logistic;biuro@carter-transport.eu;https://for-driver.info/en/review-company/CARTER-Logistic.html
Girteka Logistics;info@girteka.eu;https://for-driver.info/review-company/Girteka_Logistics.html
Karo-Megier Sp. z o.o.;karo@megier.pl;https://for-driver.info/en/review-company/karo-megier-sp-z-oo.html
LAJON Tadeusz Zając Sp.j;sekretariat@lajon.com.pl;https://for-driver.info/en/review-company/lajon-tadeusz-zając-sp-j.html
BARAN Transport Spedycja Sp. z o.o.;baran.transport@interia.pl;https://for-driver.info/en/review-company/BARAN-Transport.html
Prokorym Logistics;biuro@prokorym-transport.pl;https://for-driver.info/en/review-company/Prokorym-Logistics.html
TCA Sp. z o.o.;biuro@tca-transport.pl;https://for-driver.info/en/review-company/tca-sp-z-oo.html
CARTER Logistic;biuro@carter-transport.eu;https://for-driver.info/en/review-company/CARTER-Logistic.html
STS Logistic - Special TRansport Services;stslogistic@stslogistic.home.pl;https://for-driver.info/en/review-company/STS-Logistic-Special-TRansport.html
Girteka Logistics;info@girteka.eu;https://for-driver.info/review-company/Girteka_Logistics.html
Stefaniuk Transport;spedycja@pthstefaniuk.pl;https://for-driver.info/en/review-company/Stefaniuk-Transport.html
CEGŁA TRANS;ceglatrans@wp.pl;https://for-driver.info/en/review-company/CEGŁA-TRANS.html
Omega Bis;omegaadam@poczta.fm;https://for-driver.info/en/review-company/Omega-Bis.html
MKV Transport Sp. z o.o.;info@mkvtransport.com.pl;https://for-driver.info/en/review-company/mkv-transport-sp-z-oo.html
Leo-Trans Maciej Lew Sp.k.;transport@leo-trans.pl;https://for-driver.info/en/review-company/Leo-Trans.html
G-Transport Rafał Gamrat;ksiegowosc@g-transport.pl;https://for-driver.info/en/review-company/G-Transport-Rafał-Gamrat.html
Furdyna;biuro@transfurdyna.pl;https://for-driver.info/en/review-company/Furdyna.html
Girteka Logistics;info@girteka.eu;https://for-driver.info/review-company/Girteka_Logistics.html
DAWMET Dawid Gabryś;daw_met@wp.pl;https://for-driver.info/en/review-company/dawmet-dawid-gabrys.html
AGL-DIVISION;office@agl-division.com;https://for-driver.info/en/review-company/AGL-DIVISION.html
PORDZIK SP.J.;mgpordzik@poczta.onet.pl;https://for-driver.info/en/review-company/PORDZIK.html
EMPOL TRANSPORT;biuro@empol-transport.pl;https://for-driver.info/en/review-company/EMPOL-TRANSPORT.html
Yellow Tyre Polska sp. z o.o.;yellowtyrepolska@gmail.com;https://for-driver.info/en/review-company/yellow-tyre-polska-sp-zoo.html
Loginex Sp. z o.o.;biuro@loginex.pl;https://for-driver.info/en/review-company/LOGINEX.html
LTM Express Sp. z o.o.;info@ltmexpress.pl;https://for-driver.info/en/review-company/ltm-express-sp-zoo.html
Girteka Logistics;info@girteka.eu;https://for-driver.info/review-company/Girteka_Logistics.html
Kalipso Sp. z o.o.;alehbarkun@gmail.com;https://for-driver.info/en/review-company/kalipso-sp-z-oo.html
ROLMAG;rolmag@rolmag.pl;https://for-driver.info/en/review-company/ROLMAG.html
SPEED TRUCK Kinga Grzyb;biuro@speedtruck.eu;https://for-driver.info/en/review-company/SPEED-TRUCK-Kinga-Grzyb.html
Gab-Trans;ania@gab-trans.pl;https://for-driver.info/en/review-company/Gab-Trans-.html
EURO STAR;anna@euro-star.net.pl;https://for-driver.info/en/review-company/EURO-STAR.html
ANDERSEN & BRANICKI GROUP;biuro@ab-group.eu.com;https://for-driver.info/en/review-company/ANDERSEN-&-BRANICKI-GROUP.html
CEGŁA TRANS;ceglatrans@wp.pl;https://for-driver.info/en/review-company/CEGŁA-TRANS.html
Girteka Logistics;info@girteka.eu;https://for-driver.info/review-company/Girteka_Logistics.html
PORDZIK SP.J.;mgpordzik@poczta.onet.pl;https://for-driver.info/en/review-company/PORDZIK.html
EUROBULK Polska Sp. z o.o.;info@eurobulk.dk;https://for-driver.info/en/review-company/EUROBULK.html
PERITUS Rafał Osuch;peritus@peritus-trans.pl;https://for-driver.info/en/review-company/PERITUS-Rafał-Osuch.html
ROLMAG;rolmag@rolmag.pl;https://for-driver.info/en/review-company/ROLMAG.html
EMPOL TRANSPORT;biuro@empol-transport.pl;https://for-driver.info/en/review-company/EMPOL-TRANSPORT.html
Yellow Tyre Polska sp. z o.o.;yellowtyrepolska@gmail.com;https://for-driver.info/en/review-company/yellow-tyre-polska-sp-zoo.html
Loginex Sp. z o.o.;biuro@loginex.pl;https://for-driver.info/en/review-company/LOGINEX.html
Girteka Logistics;info@girteka.eu;https://for-driver.info/review-company/Girteka_Logistics.html
Bordiehn transport;;https://for-driver.info/en/review-company/Bordiehn-transport.html
Transport Szymitko;k.szymitko@gmail.com;https://for-driver.info/en/review-company/Transport-Szymitko.html
Budmat Transport Sp. z o.o.;transport@budmat.com;https://for-driver.info/en/review-company/Budmat-Transport.html
COQUELLE POLSKA;coquellepolska@gmail.com;https://for-driver.info/en/review-company/COQUELLE-POLSKA.html
Hoekman Logistics;info@h-logistics.pl;https://for-driver.info/en/review-company/Hoekman-Logistics.html
DAWMET Dawid Gabryś;daw_met@wp.pl;https://for-driver.info/en/review-company/dawmet-dawid-gabrys.html
AGL-DIVISION;office@agl-division.com;https://for-driver.info/en/review-company/AGL-DIVISION.html
Girteka Logistics;info@girteka.eu;https://for-driver.info/review-company/Girteka_Logistics.html
Profit Fresh;;https://for-driver.info/en/review-company/Profit-Fresh.html
Alblas Transport Sp. z o.o;patrycja.kozlowska@alblas.nl;https://for-driver.info/en/review-company/Alblas-Transport.html
N24 Sp. z o.o.;biuro@n24-global.pl;https://for-driver.info/en/review-company/n24-sp-z-oo.html
West Invest Trans Company Sp. z o.o.;info.witc2019@gmail.com;https://for-driver.info/en/review-company/west-invest-trans-company-sp-z-oo.html
DUVENBECK LOGISTIK SP. Z O.O.;;https://for-driver.info/en/review-company/DUVENBECK-LOGISTIK-SP-ZOO.html
TRANSBUD-KATOWICE;sekretariat@transbud-katowice.com.pl;https://for-driver.info/en/review-company/TRANSBUD-KATOWICE.html
Forsage Transport Sp. z o.o.;info.forsage@mail.ru;https://for-driver.info/en/review-company/forsage-transport-sp-z-oo.html
Girteka Logistics;info@girteka.eu;https://for-driver.info/review-company/Girteka_Logistics.html
N24 Sp. z o.o.;biuro@n24-global.pl;https://for-driver.info/en/review-company/n24-sp-z-oo.html
West Invest Trans Company Sp. z o.o.;info.witc2019@gmail.com;https://for-driver.info/en/review-company/west-invest-trans-company-sp-z-oo.html
DUVENBECK LOGISTIK SP. Z O.O.;;https://for-driver.info/en/review-company/DUVENBECK-LOGISTIK-SP-ZOO.html
TRANSBUD-KATOWICE;sekretariat@transbud-katowice.com.pl;https://for-driver.info/en/review-company/TRANSBUD-KATOWICE.html
Forsage Transport Sp. z o.o.;info.forsage@mail.ru;https://for-driver.info/en/review-company/forsage-transport-sp-z-oo.html
ILM Transport Międzynarodowy Sp. z o.o.;;https://for-driver.info/en/review-company/ilm-transport-miedzynarodowy-sp-z-oo.html
Marcin Pietrzak Transport;pietrzak@pietrzak-transport.pl;https://for-driver.info/en/review-company/Marcin-Pietrzak-Transport.html
Girteka Logistics;info@girteka.eu;https://for-driver.info/review-company/Girteka_Logistics.html
SPEED TRUCK Kinga Grzyb;biuro@speedtruck.eu;https://for-driver.info/en/review-company/SPEED-TRUCK-Kinga-Grzyb.html
CEGŁA TRANS;ceglatrans@wp.pl;https://for-driver.info/en/review-company/CEGŁA-TRANS.html
Omega Bis;omegaadam@poczta.fm;https://for-driver.info/en/review-company/Omega-Bis.html
MKV Transport Sp. z o.o.;info@mkvtransport.com.pl;https://for-driver.info/en/review-company/mkv-transport-sp-z-oo.html
G-Transport Rafał Gamrat;ksiegowosc@g-transport.pl;https://for-driver.info/en/review-company/G-Transport-Rafał-Gamrat.html
Stefaniuk Transport;spedycja@pthstefaniuk.pl;https://for-driver.info/en/review-company/Stefaniuk-Transport.html
ANDERSEN & BRANICKI GROUP;biuro@ab-group.eu.com;https://for-driver.info/en/review-company/ANDERSEN-&-BRANICKI-GROUP.html
Girteka Logistics;info@girteka.eu;https://for-driver.info/review-company/Girteka_Logistics.html
MAKIA-TRANS;;https://for-driver.info/en/review-company/MAKIA-TRANS.html
MBC Trans Marcin Ciołek;marcin.ciolek@mbctrans.com;https://for-driver.info/en/review-company/MBC-Trans-Marcin-Ciołek.html
Jan Kulczyk;biuro@jankulczyk.eu;https://for-driver.info/en/review-company/Jan-Kulczyk.html
SKAT Transport P.S.A.;sekretariat@skat.com.pl;https://for-driver.info/en/review-company/SKAT-Transport.html
RGL Transport;biuro@rgl.com.pl;https://for-driver.info/en/review-company/RGL-Transport.html
SilveryHaul sp. z o.o.;email@gmail.com;https://for-driver.info/en/review-company/silveryhaul-sp-z-oo.html
STANDO Transport;biuro@stando.eu;https://for-driver.info/en/review-company/STANDO-Transport.html
Girteka Logistics;info@girteka.eu;https://for-driver.info/review-company/Girteka_Logistics.html
RGL Transport;biuro@rgl.com.pl;https://for-driver.info/en/review-company/RGL-Transport.html
SilveryHaul sp. z o.o.;email@gmail.com;https://for-driver.info/en/review-company/silveryhaul-sp-z-oo.html
STANDO Transport;biuro@stando.eu;https://for-driver.info/en/review-company/STANDO-Transport.html
DOMENA Ludmiła Jaszczyńska;domena@zaduzy.pl;https://for-driver.info/en/review-company/DOMENA.html
Cytroban Plus;cytroban@onet.pl;https://for-driver.info/en/review-company/Cytroban-Plus.html
DAKPOL Sp. z o. o.;dakpol@dakpol.pl;https://for-driver.info/en/review-company/dakpol-sp-z-o-o.html
Febo Logistic Sp. z o.o.;biuro@febologistic.com;https://for-driver.info/en/review-company/febo-logistic-sp-z-oo.html
Girteka Logistics;info@girteka.eu;https://for-driver.info/review-company/Girteka_Logistics.html
Trans-Wek;transwek@gmail.com;https://for-driver.info/en/review-company/Trans-Wek.html
Transport Ciężarowy Andrzej Pieniążek;transport.pieniazek@wp.pl;https://for-driver.info/en/review-company/transport-ciezarowy-andrzej-pieniazek.html
Lakmex Sp. z o.o.;lakmex@lakmex.pl;https://for-driver.info/en/review-company/Lakmex.html
ARKA-TRANS;karinaskrok@arkatrans.pl;https://for-driver.info/en/review-company/ARKA-TRANS.html
Frigo;ksiegowosc@charter.net.pl;https://for-driver.info/en/review-company/Frigo.html
P.T.H. Janmar Janusz Rybkowski;konrad.rybkowski@gmail.com;https://for-driver.info/en/review-company/pth-janmar-janusz-rybkowski.html
Transmas Sp. J.;transmas@transmas.pl;https://for-driver.info/en/review-company/TRANSMAS.html
Girteka Logistics;info@girteka.eu;https://for-driver.info/review-company/Girteka_Logistics.html
Transport Ciężarowy Andrzej Pieniążek;transport.pieniazek@wp.pl;https://for-driver.info/en/review-company/transport-ciezarowy-andrzej-pieniazek.html
Lakmex Sp. z o.o.;lakmex@lakmex.pl;https://for-driver.info/en/review-company/Lakmex.html
ARKA-TRANS;karinaskrok@arkatrans.pl;https://for-driver.info/en/review-company/ARKA-TRANS.html
Frigo;ksiegowosc@charter.net.pl;https://for-driver.info/en/review-company/Frigo.html
P.T.H. Janmar Janusz Rybkowski;konrad.rybkowski@gmail.com;https://for-driver.info/en/review-company/pth-janmar-janusz-rybkowski.html
Transmas Sp. J.;transmas@transmas.pl;https://for-driver.info/en/review-company/TRANSMAS.html
DYDAK TRANSPORT;jd@dydaktransport.eu;https://for-driver.info/en/review-company/DYDAK-TRANSPORT.html
Girteka Logistics;info@girteka.eu;https://for-driver.info/review-company/Girteka_Logistics.html
VG TRANSPORTE;info@vg-transporte.de;https://for-driver.info/en/review-company/VG-TRANSPORTE.html
BABINSKI;krzysztof@babinski.eu.com;https://for-driver.info/en/review-company/BABINSKI.html
Euro Finannce;biuro@eurofinannce.pl;https://for-driver.info/en/review-company/Euro-Finannce.html
Brad & Brad. Szubski K.;;https://for-driver.info/en/review-company/Brad-&-Brad--Szubski-K-.html
Kim Johansen Transports Poland Sp.z o.o;aku@kim-johansen.com;https://for-driver.info/en/review-company/Kim-Johansen.html
Mexem Sp. z o.o.;warszawa@mexem.com.pl;https://for-driver.info/en/review-company/Mexem.html
WI-TRANS;wi_trans@vp.pl;https://for-driver.info/en/review-company/WI-TRANS.html
Girteka Logistics;info@girteka.eu;https://for-driver.info/review-company/Girteka_Logistics.html
All Turango;allturango@wp.pl;https://for-driver.info/en/review-company/All-Turango.html
Trans Quality Company Sp. z o.o.;;https://for-driver.info/en/review-company/trans-quality-company-sp-z-oo.html
EUROSTAR SP. Z O.O.;biuro@eurostar.net.pl;https://for-driver.info/en/review-company/eurostar-sp-zoo.html
MAC TRANS Sp. z o.o.;mactrans@op.pl;https://for-driver.info/en/review-company/MAC-TRANS.html
Volumax Logistics sp. z o.o.;koska@volumax.info;https://for-driver.info/en/review-company/volumax-logistics-sp-z-oo.html
Dinotrans Sp. z O.O.;firma@dinotrans.pl;https://for-driver.info/en/review-company/Dinotrans-Sp--z-O-O-.html
ASTIR Sp. z o.o.;biuro@astir.opole.pl;https://for-driver.info/en/review-company/astir-joanna-tokarska.html
Girteka Logistics;info@girteka.eu;https://for-driver.info/review-company/Girteka_Logistics.html
Imperial Logistics;info@panopa.com.pl;https://for-driver.info/en/review-company/Imperial-Logistics.html
PTM Transport;info@ptmtransport.pl;https://for-driver.info/en/review-company/PTM-Transport.html
AdBork Adam Borkowski;adbork@adbork.pl;https://for-driver.info/en/review-company/AdBork-Adam-Borkowski.html
TRANZYT Jan Nowak;jnowak@tranzyt.pl;https://for-driver.info/en/review-company/TRANZYT-Jan-Nowak.html
MEGAPOLIS EXPRESS;office.megapolisexpress@gmail.com;https://for-driver.info/en/review-company/MEGAPOLIS-EXPRESS.html
TIVO TRANS;biuro@tivotrans.eu;https://for-driver.info/en/review-company/TIVO-TRANS.html
TRANS DRAGON;trans.dragon@interia.pl;https://for-driver.info/en/review-company/TRANS-DRAGON.html
Girteka Logistics;info@girteka.eu;https://for-driver.info/review-company/Girteka_Logistics.html
Dinotrans Sp. z O.O.;firma@dinotrans.pl;https://for-driver.info/en/review-company/Dinotrans-Sp--z-O-O-.html
ASTIR Sp. z o.o.;biuro@astir.opole.pl;https://for-driver.info/en/review-company/astir-joanna-tokarska.html
MENA;biuro@phumena.pl;https://for-driver.info/en/review-company/MENA.html
DER-TRANS Sp. J.;dertrans@dertrans.pl;https://for-driver.info/en/review-company/DER-TRANS.html
Witrans Izak;jacek.wenerski@witrans.com.pl;https://for-driver.info/en/review-company/Witrans-Izak.html
DAFI TRANSPORT SPEDYCJA;kontakt@dafitransport.com;https://for-driver.info/en/review-company/DAFI-TRANSPORT-SPEDYCJA.html
Hd Trans Textil Sp. z o.o.;info.hd.trans@mail.ru;https://for-driver.info/en/review-company/hd-trans-textil-sp-z-oo.html
Girteka Logistics;info@girteka.eu;https://for-driver.info/review-company/Girteka_Logistics.html
DYDAK TRANSPORT;jd@dydaktransport.eu;https://for-driver.info/en/review-company/DYDAK-TRANSPORT.html
DST Transport & Logistics Sp. z o.o.;biuro@dst-transport.pl;https://for-driver.info/en/review-company/DST-Transport.html
Debettrans;serwis@debettrans.pl;https://for-driver.info/en/review-company/Debettrans-.html
DOMENA Ludmiła Jaszczyńska;domena@zaduzy.pl;https://for-driver.info/en/review-company/DOMENA.html
Cytroban Plus;cytroban@onet.pl;https://for-driver.info/en/review-company/Cytroban-Plus.html
DAKPOL Sp. z o. o.;dakpol@dakpol.pl;https://for-driver.info/en/review-company/dakpol-sp-z-o-o.html
Febo Logistic Sp. z o.o.;biuro@febologistic.com;https://for-driver.info/en/review-company/febo-logistic-sp-z-oo.html
Girteka Logistics;info@girteka.eu;https://for-driver.info/review-company/Girteka_Logistics.html
BABINSKI;krzysztof@babinski.eu.com;https://for-driver.info/en/review-company/BABINSKI.html
Janiszewski;biuro@thermotransport.pl;https://for-driver.info/en/review-company/Janiszewski.html
M-S TRANS MATEUSZ SUROWANIEC;m-s_trans@o2.pl;https://for-driver.info/en/review-company/M-S-TRANS-MATEUSZ-SUROWANIEC.html
Lutek Trans;info@lutek-trans.com;https://for-driver.info/en/review-company/Lutek-Trans.html
WENTRA Logistics;wentra@wentra.pl;https://for-driver.info/en/review-company/wentra-logistics.html
VV PRIME TRANS GROUP;;https://for-driver.info/en/review-company/VV-PRIME-TRANS-GROUP.html
FENIX Transport;biuro@fenix-transport.pl;https://for-driver.info/en/review-company/FENIX-Transport.html
Girteka Logistics;info@girteka.eu;https://for-driver.info/review-company/Girteka_Logistics.html
Brad & Brad. Szubski K.;;https://for-driver.info/en/review-company/Brad-&-Brad--Szubski-K-.html
Kim Johansen Transports Poland Sp.z o.o;aku@kim-johansen.com;https://for-driver.info/en/review-company/Kim-Johansen.html
Mexem Sp. z o.o.;warszawa@mexem.com.pl;https://for-driver.info/en/review-company/Mexem.html
WI-TRANS;wi_trans@vp.pl;https://for-driver.info/en/review-company/WI-TRANS.html
LUDWIG;office@ludwigmtd.pl;https://for-driver.info/en/review-company/LUDWIG.html
TRANS DRAGON;trans.dragon@interia.pl;https://for-driver.info/en/review-company/TRANS-DRAGON.html
Matex Transport s.c.;office@matex-transport.com;https://for-driver.info/en/review-company/MATEX.html
Girteka Logistics;info@girteka.eu;https://for-driver.info/review-company/Girteka_Logistics.html
PTM Transport;info@ptmtransport.pl;https://for-driver.info/en/review-company/PTM-Transport.html
AdBork Adam Borkowski;adbork@adbork.pl;https://for-driver.info/en/review-company/AdBork-Adam-Borkowski.html
TRANZYT Jan Nowak;jnowak@tranzyt.pl;https://for-driver.info/en/review-company/TRANZYT-Jan-Nowak.html
MEGAPOLIS EXPRESS;office.megapolisexpress@gmail.com;https://for-driver.info/en/review-company/MEGAPOLIS-EXPRESS.html
TIVO TRANS;biuro@tivotrans.eu;https://for-driver.info/en/review-company/TIVO-TRANS.html
Darvis Trans Sp. z o.o.;darvistrans@mail.ru;https://for-driver.info/en/review-company/darvis-trans-sp-zoo.html
ALBERTINA LIMITED;transport@albertina.com.pl;https://for-driver.info/en/review-company/ALBERTINA-LIMITED.html
Girteka Logistics;info@girteka.eu;https://for-driver.info/review-company/Girteka_Logistics.html
Transpil-Spedition;waldemar.bochenski@transpil.com.pl;https://for-driver.info/en/review-company/Transpil-Spedition.html
AUTOTRANS NINA;nina@autotransnina.pl;https://for-driver.info/en/review-company/AUTOTRANS-NINA.html
Inter Transped;intertransped@gmail.com;https://for-driver.info/en/review-company/Inter-Transped.html
Solidaris Sp. z.o.o;solidaris@solidaris.pl;https://for-driver.info/en/review-company/Solidaris.html
Polar Freight Logistics Sp. z o.o;;https://for-driver.info/en/review-company/polar-freight-logistics-sp-z-oo.html
MIKASA S-TON Sp. z o.o.;biuro@mikasa.biz;https://for-driver.info/en/review-company/MIKASA-S-TON-Sp-zoo.html
Acvila Group Sp. z o.o.;;https://for-driver.info/en/review-company/acvila-group-sp-z-oo.html
Girteka Logistics;info@girteka.eu;https://for-driver.info/review-company/Girteka_Logistics.html
Kravtt Group Logistic;office@kravtt.com;https://for-driver.info/en/review-company/kravtt-group-logistic.html
BRUSS TRANS Sp z O.O.;info.brusstrans@mail.ru;https://for-driver.info/en/review-company/BRUSS-TRANS.html
VG TRANSPORTE;info@vg-transporte.de;https://for-driver.info/en/review-company/VG-TRANSPORTE.html
BABINSKI;krzysztof@babinski.eu.com;https://for-driver.info/en/review-company/BABINSKI.html
Lutek Trans;info@lutek-trans.com;https://for-driver.info/en/review-company/Lutek-Trans.html
WENTRA Logistics;wentra@wentra.pl;https://for-driver.info/en/review-company/wentra-logistics.html
VV PRIME TRANS GROUP;;https://for-driver.info/en/review-company/VV-PRIME-TRANS-GROUP.html
Girteka Logistics;info@girteka.eu;https://for-driver.info/review-company/Girteka_Logistics.html
Inea Trans Sp. z o.o.;info@ineatrans.com;https://for-driver.info/en/review-company/inea-trans-sp-z-oo.html
PHU KERMA - Transport i Spedycja;phukerma@orange.pl;https://for-driver.info/en/review-company/KERMA.html
NT Cargo Sp. z o.o.;biuro@ntcargo.pl;https://for-driver.info/en/review-company/Nt-Cargo.html
Axi Logistik Sp. z o.o.;;https://for-driver.info/en/review-company/Axi-Logistic.html
Schavemaker Invest;kadry@schavemaker.com;https://for-driver.info/en/review-company/Schavemaker-Invest.html
TCB TRANS;TCB5TRANS@GMAIL.COM;https://for-driver.info/en/review-company/TCB-TRANS.html
Anta-Trans Sp. z o.o.;andrejs.borikovs@inbox.lv;https://for-driver.info/en/review-company/anta-trans-sp-z-oo.html
Girteka Logistics;info@girteka.eu;https://for-driver.info/review-company/Girteka_Logistics.html
AUTOTRANS NINA;nina@autotransnina.pl;https://for-driver.info/en/review-company/AUTOTRANS-NINA.html
AGRO-HURT;administracja@agrohurt.com;https://for-driver.info/en/review-company/AGRO-HURT.html
JMA Transport Sp. Z o.o.;bureau@jmatransport.eu;https://for-driver.info/en/review-company/jma-transport-sp-z-oo.html
WEKTA Transport;wekta@wekta.pl;https://for-driver.info/en/review-company/WEKTA-Transport.html
Transpil-Spedition;waldemar.bochenski@transpil.com.pl;https://for-driver.info/en/review-company/Transpil-Spedition.html
Acvila Group Sp. z o.o.;;https://for-driver.info/en/review-company/acvila-group-sp-z-oo.html
G.D. Trans Sp. z o.o.;biuro@gdtrans.pl;https://for-driver.info/en/review-company/gd-trans-sp-z-oo.html
Girteka Logistics;info@girteka.eu;https://for-driver.info/review-company/Girteka_Logistics.html
Frigo;ksiegowosc@charter.net.pl;https://for-driver.info/en/review-company/Frigo.html
P.T.H. Janmar Janusz Rybkowski;konrad.rybkowski@gmail.com;https://for-driver.info/en/review-company/pth-janmar-janusz-rybkowski.html
Transmas Sp. J.;transmas@transmas.pl;https://for-driver.info/en/review-company/TRANSMAS.html
DYDAK TRANSPORT;jd@dydaktransport.eu;https://for-driver.info/en/review-company/DYDAK-TRANSPORT.html
DST Transport & Logistics Sp. z o.o.;biuro@dst-transport.pl;https://for-driver.info/en/review-company/DST-Transport.html
Debettrans;serwis@debettrans.pl;https://for-driver.info/en/review-company/Debettrans-.html
DOMENA Ludmiła Jaszczyńska;domena@zaduzy.pl;https://for-driver.info/en/review-company/DOMENA.html
Girteka Logistics;info@girteka.eu;https://for-driver.info/review-company/Girteka_Logistics.html
Mini Heavy Transport Miniszewski Sp. z o.o.;lukasz.miniszewski@miniheavy.eu;https://for-driver.info/en/review-company/mini-heavy-transport-miniszewski-sp-z-oo.html
Antosik Transport Sp z o.o.;m.antosik@antosik-transport.pl;https://for-driver.info/en/review-company/antosik-transport-sp-z-oo.html
Olivan Transport;trucky@demolink.org;https://for-driver.info/en/review-company/olivan-transport.html
Wsl Trans Waldemar Wypych;wypychlogistictransport@gmail.com;https://for-driver.info/en/review-company/wsl-trans-waldemar-wypych.html
Forystar 2 Sp. z o.o.;;https://for-driver.info/en/review-company/forystar-2-sp-z-oo.html
DSO Transport Spedycja Sp. z o.o.;dso@dsotransport.pl;https://for-driver.info/en/review-company/DSO-Transport.html
TRANSDOR Dorota Chlechowicz;biuro@chlechowicz.pl;https://for-driver.info/en/review-company/TRANSDOR-Dorota-Chlechowicz.html
Girteka Logistics;info@girteka.eu;https://for-driver.info/review-company/Girteka_Logistics.html
P&P Transport - Logistics sp. z o.o.;;https://for-driver.info/en/review-company/pp-transport-logistics-sp-z-oo.html
JoDa - Transport Jolanta Ludwisiak;;https://for-driver.info/en/review-company/JoDa-Transport-Jolanta-Ludwisiak.html
MAXX TRANSPORT;office@maxx-transport.pl;https://for-driver.info/en/review-company/MAXX-TRANSPORT.html
Huber Transport;huber@huberpolska.com.pl;https://for-driver.info/en/review-company/Huber-Transport.html
Marta Ewa Weigel-Milleret Fhu Millma;;https://for-driver.info/en/review-company/fhu-millma.html
MP Industria Elite sp. z o. o.;biuro.mpindustria@gmail.com;https://for-driver.info/en/review-company/mp-industria-elite-sp-z-o-o.html
KOMA TRANS;kontakt@koma-trans.pl;https://for-driver.info/en/review-company/KOMA-TRANS.html
Girteka Logistics;info@girteka.eu;https://for-driver.info/review-company/Girteka_Logistics.html
AGAT TRANS AGATA BUCZYŃSKA;;https://for-driver.info/en/review-company/AGAT-TRANS-AGATA-BUCZYŃSKA.html
JLM Trans Sp. z o.o;office@jlmg.eu;https://for-driver.info/en/review-company/jlm-trans-sp-z-oo.html
ALESCO TSL Sp. z o.o.;larisadear@ukr.net;https://for-driver.info/en/review-company/alesco-tsl-sp-zoo.html
LEBOPOLL Logistics;biuro@lebopoll.com.pl;https://for-driver.info/en/review-company/LEBOPOLL-Logistics.html
JKW-BIZNES Jolanta Wawrzyniak;biuro@jkw-biznes.eu;https://for-driver.info/en/review-company/JKW-BIZNES-Jolanta-Wawrzyniak.html
Intertrans Bydgoszcz;office@intertrans-eu.com;https://for-driver.info/en/review-company/Intertrans_Bydgoszcz.html
KMK LOGISTIK;;https://for-driver.info/en/review-company/KMK-LOGISTIK.html
Girteka Logistics;info@girteka.eu;https://for-driver.info/review-company/Girteka_Logistics.html
De Rooy Poland Sp. z o.o.;jobs@derooy.com;https://for-driver.info/en/review-company/de-rooy-poland-sp-z-oo.html
BMP Logistic Sp.z o.o.;biuro@bmplogistic.pl;https://for-driver.info/en/review-company/bmp-logistic-spz-oo.html
JKW-BIZNES Jolanta Wawrzyniak;biuro@jkw-biznes.eu;https://for-driver.info/en/review-company/JKW-BIZNES-Jolanta-Wawrzyniak.html
Intertrans Bydgoszcz;office@intertrans-eu.com;https://for-driver.info/en/review-company/Intertrans_Bydgoszcz.html
KMK LOGISTIK;;https://for-driver.info/en/review-company/KMK-LOGISTIK.html
BART-TRANS;phubarttrans@gmail.com;https://for-driver.info/en/review-company/BART-TRANS.html
S.C. MARVICON SRL;info@marvicon.ro;https://for-driver.info/en/review-company/sc-marvicon-srl.html
Girteka Logistics;info@girteka.eu;https://for-driver.info/review-company/Girteka_Logistics.html
FDP Transport Sp. z o.o.;info@fdptransport.pl;https://for-driver.info/en/review-company/fdp-transport-sp-z-oo.html
PANTEL TRANSPORT;pantel@interia.eu;https://for-driver.info/en/review-company/PANTEL-TRANSPORT.html
Weber Transport Sp. z o.o.;info.webertransport@gmail.com;https://for-driver.info/en/review-company/weber-transport-sp-z-oo.html
Adampol S.A.;adampol@adampolsa.com.pl;https://for-driver.info/en/review-company/Adampol.html
Htwr Sp. z o.o.;imariusik@hegelmann.com;https://for-driver.info/en/review-company/HTWR.html
Salustrade;;https://for-driver.info/en/review-company/Salustrade.html
Tm Patryk Jankowski;;https://for-driver.info/en/review-company/tm-patryk-jankowski.html
Girteka Logistics;info@girteka.eu;https://for-driver.info/review-company/Girteka_Logistics.html
MAGMA Mariusz Schlotterer;schlotti@wp.pl;https://for-driver.info/en/review-company/MAGMA-Mariusz-Schlotterer.html
Codognotto Polska sp. z o.o.;administration.polska@codognotto.com;https://for-driver.info/en/review-company/Codognotto.html
Trucker Team Sp. z o.o.;;https://for-driver.info/en/review-company/trucker-team-sp-z-oo.html
Arrow Trans Log Sp. z o.o.;;https://for-driver.info/en/review-company/arrow-trans-log-sp-z-oo.html
Transpais Polska Sp. z o.o.;pawelserafin@transpais.es;https://for-driver.info/en/review-company/Transpais-Polska-Sp-zoo.html
Wol-Trans Transport i Spedycja;biuro@wol-trans.com;https://for-driver.info/en/review-company/wol-trans-transport-i-spedycja.html
Tm Patryk Jankowski;;https://for-driver.info/en/review-company/tm-patryk-jankowski.html
Girteka Logistics;info@girteka.eu;https://for-driver.info/review-company/Girteka_Logistics.html
Trucker Team Sp. z o.o.;;https://for-driver.info/en/review-company/trucker-team-sp-z-oo.html
Arrow Trans Log Sp. z o.o.;;https://for-driver.info/en/review-company/arrow-trans-log-sp-z-oo.html
Transpais Polska Sp. z o.o.;pawelserafin@transpais.es;https://for-driver.info/en/review-company/Transpais-Polska-Sp-zoo.html
Wol-Trans Transport i Spedycja;biuro@wol-trans.com;https://for-driver.info/en/review-company/wol-trans-transport-i-spedycja.html
Transport Chwiłkowscy Sp. z o.o.;office@chwilkowscy.pl;https://for-driver.info/en/review-company/TRANSPORT-CHWIŁKOWSCY.html
Rat-Trans Group Sp. z o.o.;;https://for-driver.info/en/review-company/RAT-TRANS.html
Galileo Logistic Sp. z o.o.;kontakt@galileologistic.pl;https://for-driver.info/en/review-company/galileo-logistic-sp-z-oo.html
Girteka Logistics;info@girteka.eu;https://for-driver.info/review-company/Girteka_Logistics.html
JTS Trans Logistic Group;kontakt@jts-trans.pl;https://for-driver.info/en/review-company/jts-trans-logistic-group.html
DG Cargo Plus Joanna Grad;;https://for-driver.info/en/review-company/DG-Cargo-Plus-Joanna-Grad.html
XPO Logistics;rekrutacja.transport@xpo.com;https://for-driver.info/en/review-company/XPO-Logistics.html
ZOCH-GAZ Krzysztof Zoch;biuro@zochgaz.pl;https://for-driver.info/en/review-company/zoch-gaz-krzysztof-zoch.html
W&W-TRANS;info@wwtrans.eu;https://for-driver.info/en/review-company/W&W-TRANS.html
Tartak Usługowy Lucjan Barański;;https://for-driver.info/en/review-company/tartak-uslugowy-lucjan-baranski.html
Dori Trans;office@doritrans.com;https://for-driver.info/en/review-company/Dori-Trans.html
Girteka Logistics;info@girteka.eu;https://for-driver.info/review-company/Girteka_Logistics.html
Jarosław Wysokiński;zutteczki@wp.pl;https://for-driver.info/en/review-company/jaroslaw-wysokinski.html
Niar Trans Sp. z o.o.;office@niartrans.com;https://for-driver.info/en/review-company/niar-trans-sp-z-oo.html
Kucera Logistics Group Sp. z o.o.;biuro@kuceralogistics.pl;https://for-driver.info/en/review-company/Kucera-Logistics-Group-Sp-zoo.html
BAJMAX;biuro@bajmax.pl;https://for-driver.info/en/review-company/BAJMAX.html
Red Cargo Sp. z o.o.;redcargo@redcargo.pl;https://for-driver.info/en/review-company/red-cargo-sp-z-oo.html
UT PIOTR ROMPA;;https://for-driver.info/en/review-company/UT-PIOTR-ROMPA.html
PIOMAR;praca@piomar.pl;https://for-driver.info/en/review-company/PIOMAR.html
Girteka Logistics;info@girteka.eu;https://for-driver.info/review-company/Girteka_Logistics.html
MJT Serwis Sp. z o.o.;info@mjt.com.pl;https://for-driver.info/en/review-company/MJT-Serwis.html
Transveg Sp. z o.o.;transveg@transveg.pl;https://for-driver.info/en/review-company/transveg-sp-z-oo.html
Duda Logistics Sp. z o.o.;administracja@dudalogistics.pl;https://for-driver.info/en/review-company/duda-logistics-sp-z-oo.html
JARPOL Jarosław Sobczyński;jarpolbiuro@interia.pl;https://for-driver.info/en/review-company/JARPOL.html
NEKO;biuro@neko24.pl;https://for-driver.info/en/review-company/NEKO.html
VAN LOGISTIC;biuro@vanlogistic.com;https://for-driver.info/en/review-company/van-logistic.html
MRDG Group Sp. z o.o.;;https://for-driver.info/en/review-company/mrdg-group-sp-z-oo.html
Girteka Logistics;info@girteka.eu;https://for-driver.info/review-company/Girteka_Logistics.html
Olivan Transport;trucky@demolink.org;https://for-driver.info/en/review-company/olivan-transport.html
Wsl Trans Waldemar Wypych;wypychlogistictransport@gmail.com;https://for-driver.info/en/review-company/wsl-trans-waldemar-wypych.html
Forystar 2 Sp. z o.o.;;https://for-driver.info/en/review-company/forystar-2-sp-z-oo.html
DSO Transport Spedycja Sp. z o.o.;dso@dsotransport.pl;https://for-driver.info/en/review-company/DSO-Transport.html
TRANSDOR Dorota Chlechowicz;biuro@chlechowicz.pl;https://for-driver.info/en/review-company/TRANSDOR-Dorota-Chlechowicz.html
Vol Cargo Adrian Gryckiewicz;grycek125@o2.pl;https://for-driver.info/en/review-company/Vol-Cargo-Adrian-Gryckiewicz.html
EG Speedtrans Sp. z o.o.;egspeedtrans@interia.pl;https://for-driver.info/en/review-company/eg-speedtrans-sp-z-oo.html
Girteka Logistics;info@girteka.eu;https://for-driver.info/review-company/Girteka_Logistics.html
Spedycja RENTRANS;office@rentrans.pl;https://for-driver.info/en/review-company/Spedycja-RENTRANS.html
KALETKA TRANSPORT;praca@kaletka.com.pl;https://for-driver.info/en/review-company/KALETKA-TRANSPORT.html
MTD INTER-TRANS Renata Horowska;renata@mtdintertrans.com.pl;https://for-driver.info/en/review-company/mtd-inter-trans.html
GR-TRANS;biuro@gr-trans.pl;https://for-driver.info/en/review-company/GR-TRANS.html
Raf-Car Transport;raf-car@raf-car.com;https://for-driver.info/en/review-company/raf-car-transport.html
ALMAR;biuro@transport-almar.eu;https://for-driver.info/en/review-company/ALMAR.html
Lorient Transport;info@lorient-transport.pl;https://for-driver.info/en/review-company/lorient-transport.html
Girteka Logistics;info@girteka.eu;https://for-driver.info/review-company/Girteka_Logistics.html
Integral Logistics Sp. z o.o.;praca@integral-logistics.pl;https://for-driver.info/en/review-company/Integral-Logistics.html
TRANSHAND;sekretariat@transhand.pl;https://for-driver.info/en/review-company/TRANSHAND.html
Everest Logistics Services;info@everest-transport.pl;https://for-driver.info/en/review-company/everest-logistics-services.html
Rajczyk Transport;biuro@rajczyk.com.pl;https://for-driver.info/en/review-company/Rajczyk-Transport.html
AK-Sped;info@aksped.eu;https://for-driver.info/en/review-company/AK-Sped.html
Lis-Trans Damian Lisiewicz;listrans@onet.eu;https://for-driver.info/en/review-company/Lis-Trans-Damian-Lisiewicz.html
Tir Logistics;pls.logica@gmail.com;https://for-driver.info/en/review-company/Tir-Logistics.html
Girteka Logistics;info@girteka.eu;https://for-driver.info/review-company/Girteka_Logistics.html
Star-Pol PHU. Dębowski G.;;https://for-driver.info/en/review-company/star-pol-phu-debowski-g.html
SVIT COMPANI;;https://for-driver.info/en/review-company/SVIT-COMPANI.html
NTIS MICHAŁ NOWAK;kontakt@ntis.pl;https://for-driver.info/en/review-company/NTIS-MICHAŁ-NOWAK.html
Ścisłowicz Transport;wojtek2234@wp.pl;https://for-driver.info/en/review-company/Ścisłowicz-Transport.html
An-Ro Logistic;biuro@anrologistic.com;https://for-driver.info/en/review-company/An-Ro-Logistic-.html
Usługi Transportowe Wojciech Pic;anetapic@wp.pl;https://for-driver.info/en/review-company/Usługi-Transportowe-Wojciech-Pic.html
NATANEX Logistics;office@natanex.com;https://for-driver.info/en/review-company/NATANEX-Logistics.html
Girteka Logistics;info@girteka.eu;https://for-driver.info/review-company/Girteka_Logistics.html
Red Cargo Sp. z o.o.;redcargo@redcargo.pl;https://for-driver.info/en/review-company/red-cargo-sp-z-oo.html
UT PIOTR ROMPA;;https://for-driver.info/en/review-company/UT-PIOTR-ROMPA.html
PIOMAR;praca@piomar.pl;https://for-driver.info/en/review-company/PIOMAR.html
AMTrans Andrzej Mróz;;https://for-driver.info/en/review-company/amtrans-andrzej-mroz.html
Smeets Ferry Polska;bkrauze@smeets.pl;https://for-driver.info/en/review-company/Smeets-Ferry-Polska.html
KOKOS Transport;biuro@fuhkokos.pl;https://for-driver.info/en/review-company/KOKOS-Transport.html
Grabowski Furniture Logistic Sp. z o.o.;kontakt@ts-grabowski.com;https://for-driver.info/en/review-company/Grabowski-Logistic.html
Girteka Logistics;info@girteka.eu;https://for-driver.info/review-company/Girteka_Logistics.html
KALETKA TRANSPORT;praca@kaletka.com.pl;https://for-driver.info/en/review-company/KALETKA-TRANSPORT.html
MTD INTER-TRANS Renata Horowska;renata@mtdintertrans.com.pl;https://for-driver.info/en/review-company/mtd-inter-trans.html
GR-TRANS;biuro@gr-trans.pl;https://for-driver.info/en/review-company/GR-TRANS.html
Art-Pol Artur Stawecki;s.staweckiop.pl@op.pl;https://for-driver.info/en/review-company/Art-Pol-Artur-Stawecki.html
Bs Dream Sp. z o.o.;;https://for-driver.info/en/review-company/bs-dream-sp-z-oo.html
Paks-Transport;biuro@paks-transport.com;https://for-driver.info/en/review-company/paks-transport.html
VIVE Logistics;transport@vive.com.pl;https://for-driver.info/en/review-company/VIVE-Transport.html
Girteka Logistics;info@girteka.eu;https://for-driver.info/review-company/Girteka_Logistics.html
MTD INTER-TRANS Renata Horowska;renata@mtdintertrans.com.pl;https://for-driver.info/en/review-company/mtd-inter-trans.html
GR-TRANS;biuro@gr-trans.pl;https://for-driver.info/en/review-company/GR-TRANS.html
Art-Pol Artur Stawecki;s.staweckiop.pl@op.pl;https://for-driver.info/en/review-company/Art-Pol-Artur-Stawecki.html
Bs Dream Sp. z o.o.;;https://for-driver.info/en/review-company/bs-dream-sp-z-oo.html
Lorient Transport;info@lorient-transport.pl;https://for-driver.info/en/review-company/lorient-transport.html
Elite Transborder sp. z o.o.;postmaster@elite-transborder.com;https://for-driver.info/en/review-company/elite-transborder-sp-z-oo.html
Integral Logistics Sp. z o.o.;praca@integral-logistics.pl;https://for-driver.info/en/review-company/Integral-Logistics.html
Girteka Logistics;info@girteka.eu;https://for-driver.info/review-company/Girteka_Logistics.html
EDRO-TRANS Sp. z o.o.;edro@edro.com.pl;https://for-driver.info/en/review-company/EDRO-TRANS.html
Makar Transport;biuro@makar-transport.pl;https://for-driver.info/en/review-company/Makar-Transport.html
Drt Group Sp. z o.o.;;https://for-driver.info/en/review-company/drt-group-sp-z-oo.html
GW TRANS Grzegorz Wojas;office@gwtrans.pl;https://for-driver.info/en/review-company/GW-TRANS-Grzegorz-Wojas.html
BLS Waga Janusz;blstransport@onet.eu;https://for-driver.info/en/review-company/BLS-Waga-Janusz.html
GlobalCod;info@globalcod.pl;https://for-driver.info/en/review-company/GlobalCod.html
SILO-TRANS Szarkowicz;biuro@trans-szarkowicz.pl;https://for-driver.info/en/review-company/SILO-TRANS-Szarkowicz.html
Girteka Logistics;info@girteka.eu;https://for-driver.info/review-company/Girteka_Logistics.html
SPYCHAŁA TRANSPORT;biuro@spychala-transport.pl;https://for-driver.info/en/review-company/SPYCHAŁA-TRANSPORT.html
Raf-Car Transport;raf-car@raf-car.com;https://for-driver.info/en/review-company/raf-car-transport.html
ALMAR;biuro@transport-almar.eu;https://for-driver.info/en/review-company/ALMAR.html
Lorient Transport;info@lorient-transport.pl;https://for-driver.info/en/review-company/lorient-transport.html
Elite Transborder sp. z o.o.;postmaster@elite-transborder.com;https://for-driver.info/en/review-company/elite-transborder-sp-z-oo.html
Integral Logistics Sp. z o.o.;praca@integral-logistics.pl;https://for-driver.info/en/review-company/Integral-Logistics.html
TRANSHAND;sekretariat@transhand.pl;https://for-driver.info/en/review-company/TRANSHAND.html
Girteka Logistics;info@girteka.eu;https://for-driver.info/review-company/Girteka_Logistics.html
Petrotrans Kłopotek Piotr;;https://for-driver.info/en/review-company/petrotrans-klopotek-piotr.html
FHU Iwona Chomicz;fhuchomicz@wp.pl;https://for-driver.info/en/review-company/fhu-iwona-chomicz.html
Transtar Polska;transtarpolska@gmail.com;https://for-driver.info/en/review-company/Transtar-Polska.html
BAJMAX;biuro@bajmax.pl;https://for-driver.info/en/review-company/BAJMAX.html
Red Cargo Sp. z o.o.;redcargo@redcargo.pl;https://for-driver.info/en/review-company/red-cargo-sp-z-oo.html
UT PIOTR ROMPA;;https://for-driver.info/en/review-company/UT-PIOTR-ROMPA.html
PIOMAR;praca@piomar.pl;https://for-driver.info/en/review-company/PIOMAR.html
Girteka Logistics;info@girteka.eu;https://for-driver.info/review-company/Girteka_Logistics.html
Smeets Ferry Polska;bkrauze@smeets.pl;https://for-driver.info/en/review-company/Smeets-Ferry-Polska.html
KOKOS Transport;biuro@fuhkokos.pl;https://for-driver.info/en/review-company/KOKOS-Transport.html
Grabowski Furniture Logistic Sp. z o.o.;kontakt@ts-grabowski.com;https://for-driver.info/en/review-company/Grabowski-Logistic.html
Spedycja RENTRANS;office@rentrans.pl;https://for-driver.info/en/review-company/Spedycja-RENTRANS.html
KALETKA TRANSPORT;praca@kaletka.com.pl;https://for-driver.info/en/review-company/KALETKA-TRANSPORT.html
MTD INTER-TRANS Renata Horowska;renata@mtdintertrans.com.pl;https://for-driver.info/en/review-company/mtd-inter-trans.html
GR-TRANS;biuro@gr-trans.pl;https://for-driver.info/en/review-company/GR-TRANS.html
Girteka Logistics;info@girteka.eu;https://for-driver.info/review-company/Girteka_Logistics.html
Bs Dream Sp. z o.o.;;https://for-driver.info/en/review-company/bs-dream-sp-z-oo.html
Paks-Transport;biuro@paks-transport.com;https://for-driver.info/en/review-company/paks-transport.html
VIVE Logistics;transport@vive.com.pl;https://for-driver.info/en/review-company/VIVE-Transport.html
Swe Trans Sp. z o.o.;swe.transportation@gmail.com;https://for-driver.info/en/review-company/swe-trans-sp-zoo.html
Lorient Transport;info@lorient-transport.pl;https://for-driver.info/en/review-company/lorient-transport.html
Elite Transborder sp. z o.o.;postmaster@elite-transborder.com;https://for-driver.info/en/review-company/elite-transborder-sp-z-oo.html
Integral Logistics Sp. z o.o.;praca@integral-logistics.pl;https://for-driver.info/en/review-company/Integral-Logistics.html
Girteka Logistics;info@girteka.eu;https://for-driver.info/review-company/Girteka_Logistics.html
Wolspedtrans Sp. z o.o.;ops@wolspedtrans.pl;https://for-driver.info/en/review-company/wolspedtrans-sp-z-oo.html
ARTLOG Artur Bereśniewicz;biuro@artlog.biz;https://for-driver.info/en/review-company/ARTLOG-Artur-Bereśniewicz.html
Łukasz Woroniecki Fresco;;https://for-driver.info/en/review-company/Łukasz-Woroniecki-Fresco.html
Handel i Usługi Transportowe Zdzisław Bloch;;https://for-driver.info/en/review-company/Handel-Zdzisław-Bloch.html
Michał Gajowy J.M.G.Międzynarodowy i Krajowy Transport;jmgajowy@op.pl;https://for-driver.info/en/review-company/michal-gajowy-transport.html
Angermayr Polska;office@angermayr.at;https://for-driver.info/en/review-company/Angermayr-Polska.html
EM SERVICE GROUP;;https://for-driver.info/en/review-company/EM-SERVICE-GROUP.html
Girteka Logistics;info@girteka.eu;https://for-driver.info/review-company/Girteka_Logistics.html
SPYCHAŁA TRANSPORT;biuro@spychala-transport.pl;https://for-driver.info/en/review-company/SPYCHAŁA-TRANSPORT.html
Raf-Car Transport;raf-car@raf-car.com;https://for-driver.info/en/review-company/raf-car-transport.html
ALMAR;biuro@transport-almar.eu;https://for-driver.info/en/review-company/ALMAR.html
Lorient Transport;info@lorient-transport.pl;https://for-driver.info/en/review-company/lorient-transport.html
Elite Transborder sp. z o.o.;postmaster@elite-transborder.com;https://for-driver.info/en/review-company/elite-transborder-sp-z-oo.html
Integral Logistics Sp. z o.o.;praca@integral-logistics.pl;https://for-driver.info/en/review-company/Integral-Logistics.html
TRANSHAND;sekretariat@transhand.pl;https://for-driver.info/en/review-company/TRANSHAND.html
Girteka Logistics;info@girteka.eu;https://for-driver.info/review-company/Girteka_Logistics.html
DAR-TRANS;darek313@vp.pl;https://for-driver.info/en/review-company/DAR-TRANS.html
Alfred Talke Polska;poland@talke.com;https://for-driver.info/en/review-company/Alfred-Talke-Polska.html
KRUK Grzegorz Kruk;;https://for-driver.info/en/review-company/kruk-grzegorz-kruk.html
SOL-Trans;biuro@sol-trans.pl;https://for-driver.info/en/review-company/SOL-Trans.html
BEMBNISTA TRANSPORT;transport.bembnista@gmail.com;https://for-driver.info/en/review-company/BEMBNISTA-TRANSPORT.html
Geest Sp. z o.o.;;https://for-driver.info/en/review-company/geest-sp-zoo.html
TSL;kadry@tsl.info.pl;https://for-driver.info/en/review-company/TSL.html
Girteka Logistics;info@girteka.eu;https://for-driver.info/review-company/Girteka_Logistics.html
Adi-Trans Adam Jeżyszek;;https://for-driver.info/en/review-company/adi-trans-adam-jezyszek.html
Cargo Nova Group sp. z o.o.;biuro@cargonova.pl;https://for-driver.info/en/review-company/Cargo-Nova.html
FENON SP. Z O.O.;;https://for-driver.info/en/review-company/FENON-SP-Zoo.html
Alfa-Transport Paweł Teterycz;pablo5141@wp.pl;https://for-driver.info/en/review-company/alfa-transport-pawel-teterycz.html
JAROSZ TRANSPORT;biuro@jarosztransport.pl;https://for-driver.info/en/review-company/JAROSZ-TRANSPORT.html
Edo Trans K.Rusin, Z.Cieślak sp. j.;;https://for-driver.info/en/review-company/edo-trans-krusin-zcieslak-sp-j.html
California Trailer;biuro@c-t.pl;https://for-driver.info/en/review-company/California-Trailer.html
Girteka Logistics;info@girteka.eu;https://for-driver.info/review-company/Girteka_Logistics.html
ARTLOG Artur Bereśniewicz;biuro@artlog.biz;https://for-driver.info/en/review-company/ARTLOG-Artur-Bereśniewicz.html
Łukasz Woroniecki Fresco;;https://for-driver.info/en/review-company/Łukasz-Woroniecki-Fresco.html
Handel i Usługi Transportowe Zdzisław Bloch;;https://for-driver.info/en/review-company/Handel-Zdzisław-Bloch.html
Michał Gajowy J.M.G.Międzynarodowy i Krajowy Transport;jmgajowy@op.pl;https://for-driver.info/en/review-company/michal-gajowy-transport.html
Angermayr Polska;office@angermayr.at;https://for-driver.info/en/review-company/Angermayr-Polska.html
EM SERVICE GROUP;;https://for-driver.info/en/review-company/EM-SERVICE-GROUP.html
Elltrans;info@elltrans.pl;https://for-driver.info/en/review-company/Elltrans.html
Girteka Logistics;info@girteka.eu;https://for-driver.info/review-company/Girteka_Logistics.html
TWO-M;praca@two-m.pl;https://for-driver.info/en/review-company/TWO-M.html
TDL Polska;info@tdl-polska.com;https://for-driver.info/en/review-company/TDL-Polska.html
Transport Spedycja Łoziński;spedycja@ts-lozinski.pl;https://for-driver.info/en/review-company/Transport-Spedycja-Łoziński.html
UNIPEX;unipex.bytow@gmail.com;https://for-driver.info/en/review-company/UNIPEX.html
Glinka Transport Sp. z o.o.;transport@glinka-transport.pl;https://for-driver.info/en/review-company/glinka-transport-sp-z-oo.html
Vesta Polska;biuro@vesta-polska.com;https://for-driver.info/en/review-company/Vesta-Polska.html
And-Kan S.C.;and-kan@wp.pl;https://for-driver.info/en/review-company/And-Kan-SC.html
Girteka Logistics;info@girteka.eu;https://for-driver.info/review-company/Girteka_Logistics.html
UNIPEX;unipex.bytow@gmail.com;https://for-driver.info/en/review-company/UNIPEX.html
Bustrans Sp. z o.o.;info@bustrans.net;https://for-driver.info/en/review-company/bustrans-sp-z-oo.html
TRANS PLUS;praca@trans-plus.pl;https://for-driver.info/en/review-company/TRANS-PLUS.html
Waldi Spedycja Sp. z o.o.;biuro@waldi-spedycja.pl;https://for-driver.info/en/review-company/waldi-spedycja-sp-z-oo.html
Omega Transport;;https://for-driver.info/en/review-company/Omega-Transport.html
Anita Sroka Transport;ptsanita@o2.pl;https://for-driver.info/en/review-company/anita-sroka-transport.html
Valyur Trans Valery Shapel;;https://for-driver.info/en/review-company/valyur-trans-valery-shapel.html
Girteka Logistics;info@girteka.eu;https://for-driver.info/review-company/Girteka_Logistics.html
Extreme Tomasz Soboń;transport@extremesteel.pl;https://for-driver.info/en/review-company/extreme-tomasz-sobon.html
BIG TRUCK Transport;spedycja@nekopol.pl;https://for-driver.info/en/review-company/BIG-TRUCK-Transport.html
Erontrans;erontrans@erontrans.pl;https://for-driver.info/en/review-company/Erontrans.html
Jotmex;przemek@jotmex.pl;https://for-driver.info/en/review-company/Jotmex.html
Mcv Iter Sp. z o.o.;info.mcv.iter@mail.ru;https://for-driver.info/en/review-company/Mcv-Iter-Sp-zoo.html
Guess Polska Joanna Wachowiak-Jurasz;transport@guess-polska.pl;https://for-driver.info/en/review-company/guess-polska-joanna-wachowiak-jurasz.html
Braun Transport Sp. z o.o.;;https://for-driver.info/en/review-company/braun-transport-sp-z-oo.html
Girteka Logistics;info@girteka.eu;https://for-driver.info/review-company/Girteka_Logistics.html
Extreme Tomasz Soboń;transport@extremesteel.pl;https://for-driver.info/en/review-company/extreme-tomasz-sobon.html
BIG TRUCK Transport;spedycja@nekopol.pl;https://for-driver.info/en/review-company/BIG-TRUCK-Transport.html
Erontrans;erontrans@erontrans.pl;https://for-driver.info/en/review-company/Erontrans.html
Jotmex;przemek@jotmex.pl;https://for-driver.info/en/review-company/Jotmex.html
Mcv Iter Sp. z o.o.;info.mcv.iter@mail.ru;https://for-driver.info/en/review-company/Mcv-Iter-Sp-zoo.html
Guess Polska Joanna Wachowiak-Jurasz;transport@guess-polska.pl;https://for-driver.info/en/review-company/guess-polska-joanna-wachowiak-jurasz.html
Braun Transport Sp. z o.o.;;https://for-driver.info/en/review-company/braun-transport-sp-z-oo.html
Girteka Logistics;info@girteka.eu;https://for-driver.info/review-company/Girteka_Logistics.html
Łukasz Woroniecki Fresco;;https://for-driver.info/en/review-company/Łukasz-Woroniecki-Fresco.html
Handel i Usługi Transportowe Zdzisław Bloch;;https://for-driver.info/en/review-company/Handel-Zdzisław-Bloch.html
Michał Gajowy J.M.G.Międzynarodowy i Krajowy Transport;jmgajowy@op.pl;https://for-driver.info/en/review-company/michal-gajowy-transport.html
Angermayr Polska;office@angermayr.at;https://for-driver.info/en/review-company/Angermayr-Polska.html
EM SERVICE GROUP;;https://for-driver.info/en/review-company/EM-SERVICE-GROUP.html
Elltrans;info@elltrans.pl;https://for-driver.info/en/review-company/Elltrans.html
Transliberty Sp. z o.o.;;https://for-driver.info/en/review-company/transliberty-sp-z-oo.html
Girteka Logistics;info@girteka.eu;https://for-driver.info/review-company/Girteka_Logistics.html
Grupa Niekotrans-Nova;info@niekotrans-nova.pl;https://for-driver.info/en/review-company/Grupa-Niekotrans-Nova-.html
Grupa Euro-Mix Bis Sp. z o.o.;Biuro@Grupaeuromixbis.com;https://for-driver.info/en/review-company/grupa-euro-mix-bis-sp-zoo.html
ADAM LIPIŃSKI;praca@lipinski-transport.pl;https://for-driver.info/en/review-company/ADAM-LIPIŃSKI.html
MIL-TRANS;office@mil-trans.com;https://for-driver.info/en/review-company/MIL-TRANS.html
TWO-M;praca@two-m.pl;https://for-driver.info/en/review-company/TWO-M.html
TDL Polska;info@tdl-polska.com;https://for-driver.info/en/review-company/TDL-Polska.html
Transport Spedycja Łoziński;spedycja@ts-lozinski.pl;https://for-driver.info/en/review-company/Transport-Spedycja-Łoziński.html
Girteka Logistics;info@girteka.eu;https://for-driver.info/review-company/Girteka_Logistics.html
Wolter Koops International Logistics Sp. z o.o.;info@wolterkoops.com;https://for-driver.info/en/review-company/Wolter-Koops.html
PKS Ratrans;sekretariat@pksratrans.pl;https://for-driver.info/en/review-company/PKS-Ratrans.html
Navtrans Sp. z o.o.;biuro@navtrans.pl;https://for-driver.info/en/review-company/Navtrans-Sp-zoo.html
Strade Transport;;https://for-driver.info/en/review-company/Strade-Transport.html
DAR-TRANS;darek313@vp.pl;https://for-driver.info/en/review-company/DAR-TRANS.html
Alfred Talke Polska;poland@talke.com;https://for-driver.info/en/review-company/Alfred-Talke-Polska.html
KRUK Grzegorz Kruk;;https://for-driver.info/en/review-company/kruk-grzegorz-kruk.html
Girteka Logistics;info@girteka.eu;https://for-driver.info/review-company/Girteka_Logistics.html
MTD INTER-TRANS Renata Horowska;renata@mtdintertrans.com.pl;https://for-driver.info/en/review-company/mtd-inter-trans.html
GR-TRANS;biuro@gr-trans.pl;https://for-driver.info/en/review-company/GR-TRANS.html
Art-Pol Artur Stawecki;s.staweckiop.pl@op.pl;https://for-driver.info/en/review-company/Art-Pol-Artur-Stawecki.html
Bs Dream Sp. z o.o.;;https://for-driver.info/en/review-company/bs-dream-sp-z-oo.html
Paks-Transport;biuro@paks-transport.com;https://for-driver.info/en/review-company/paks-transport.html
VIVE Logistics;transport@vive.com.pl;https://for-driver.info/en/review-company/VIVE-Transport.html
Swe Trans Sp. z o.o.;swe.transportation@gmail.com;https://for-driver.info/en/review-company/swe-trans-sp-zoo.html
Girteka Logistics;info@girteka.eu;https://for-driver.info/review-company/Girteka_Logistics.html
VAN LOGISTIC;biuro@vanlogistic.com;https://for-driver.info/en/review-company/van-logistic.html
MRDG Group Sp. z o.o.;;https://for-driver.info/en/review-company/mrdg-group-sp-z-oo.html
KM TRANS Usługi Transportowe;km_trans@wp.pl;https://for-driver.info/en/review-company/km-trans-uslugi-transportowe.html
IMPERIA LOGISTYKA;biuro@imperialogistyka.pl;https://for-driver.info/en/review-company/imperia-logistyka.html
F.H.U. ADI;fhu-adi@wp.pl;https://for-driver.info/en/review-company/F-H-U--ADI.html
Sawa Logistics;freight@sawalogistics.pl;https://for-driver.info/en/review-company/Sawa-Logistics.html
GR-TRANS;biuro@gr-trans.pl;https://for-driver.info/en/review-company/GR-TRANS.html
Girteka Logistics;info@girteka.eu;https://for-driver.info/review-company/Girteka_Logistics.html
Cukrohurt Sp. z o.o.;sekretariat@cukrohurt.pl;https://for-driver.info/en/review-company/cukrohurt-sp-z-oo.html
Nika Trans;kontakt@nikatrans.pl;https://for-driver.info/en/review-company/Nika-Trans.html
JSV Transport;bzolty.jsvtransport@gmail.com;https://for-driver.info/en/review-company/JSV-Transport.html
Mar-Pol Marcin Janusz;info@marpol-trans.com;https://for-driver.info/en/review-company/Mar-Pol-Marcin-Janusz.html
PHU NED TRANSPORT;dispo@nedtransport.com;https://for-driver.info/en/review-company/phu-ned-transport.html
Nbc Express Sp. z o.o.;office@nbc-express.com;https://for-driver.info/en/review-company/nbc-express-sp-z-oo.html
ATRANS Krzysztof i Natalia Antosik;antosik.atrans@wp.pl;https://for-driver.info/en/review-company/ATRANS-Krzysztof-i-Natalia-Antosik.html
Girteka Logistics;info@girteka.eu;https://for-driver.info/review-company/Girteka_Logistics.html
Vertical Trans;verticaltrans.pl@gmail.com;https://for-driver.info/en/review-company/Vertical-Trans.html
Lexcar. Krasiejko M.;mariok@poczta.onet.pl;https://for-driver.info/en/review-company/Lexcar-Krasiejko-M.html
Dedal sp. z o.o.;dedal@dedal.net.pl;https://for-driver.info/en/review-company/Dedal.html
ARKO-TRANS;arkotrans@op.pl;https://for-driver.info/en/review-company/ARKO-TRANS.html
KONRATRANS;;https://for-driver.info/en/review-company/KONRATRANS.html
Marco Transport;info@marco-transport.eu;https://for-driver.info/en/review-company/Marco-Transport.html
GO-TRANS GmbH Sp. Z.o.o;info@jostgroup.com;https://for-driver.info/en/review-company/GO-TRANS-GmbH-Sp--Z-o-o.html
Girteka Logistics;info@girteka.eu;https://for-driver.info/review-company/Girteka_Logistics.html
DOM-TRANS Mariusz Lis;info@dom-trans.com.pl;https://for-driver.info/en/review-company/DOM-TRANS-Mariusz-Lis.html
Wega-A Sp. z o.o.;wegaa@wega-a.pl;https://for-driver.info/en/review-company/Wega-A.html
MichJan Sp. z o.o.;biuro@michjan.pl;https://for-driver.info/en/review-company/MichJan.html
Dkun Sp. z o.o.;;https://for-driver.info/en/review-company/dkun-sp-z-oo.html
XMP LOGISTICS;;https://for-driver.info/en/review-company/XMP-LOGISTICS.html
RDK Karolina Szczygielska;rdktranssystem@gmail.com;https://for-driver.info/en/review-company/rdk-karolina-szczygielska.html
MARGO Transport;biuro@margotransport.com;https://for-driver.info/en/review-company/margo-transport.html
Girteka Logistics;info@girteka.eu;https://for-driver.info/review-company/Girteka_Logistics.html
Anna Sendor Sendi;sendi.transport@gmail.com;https://for-driver.info/en/review-company/anna-sendor-sendi.html
Pakman Sp. z o.o.;pakman@pakman.com.pl;https://for-driver.info/en/review-company/pakman-sp-z-oo.html
EDRO-TRANS Sp. z o.o.;edro@edro.com.pl;https://for-driver.info/en/review-company/EDRO-TRANS.html
Makar Transport;biuro@makar-transport.pl;https://for-driver.info/en/review-company/Makar-Transport.html
Drt Group Sp. z o.o.;;https://for-driver.info/en/review-company/drt-group-sp-z-oo.html
GW TRANS Grzegorz Wojas;office@gwtrans.pl;https://for-driver.info/en/review-company/GW-TRANS-Grzegorz-Wojas.html
BLS Waga Janusz;blstransport@onet.eu;https://for-driver.info/en/review-company/BLS-Waga-Janusz.html
Girteka Logistics;info@girteka.eu;https://for-driver.info/review-company/Girteka_Logistics.html
TRANS-MAN;biuro@transman.bialystok.pl;https://for-driver.info/en/review-company/TRANS-MAN.html
Extreme Tomasz Soboń;transport@extremesteel.pl;https://for-driver.info/en/review-company/extreme-tomasz-sobon.html
Cuber-Trans;;https://for-driver.info/en/review-company/Cuber-Trans.html
ExpressLogic;office@expresslogic.eu;https://for-driver.info/en/review-company/ExpressLogic.html
CARGO TRANS;cargotrans@post.pl;https://for-driver.info/en/review-company/CARGO-TRANS.html
Vortex Sp. z o.o.;pelc.justyna@gmail.com;https://for-driver.info/en/review-company/vortex-sp-z-oo.html
AJ Heavy Transport;ajheavytransport@wp.pl;https://for-driver.info/en/review-company/aj-heavy-transport.html
Girteka Logistics;info@girteka.eu;https://for-driver.info/review-company/Girteka_Logistics.html
Snm Logistics Sp. z o.o.;snmlogisticsinfo@gmail.com;https://for-driver.info/en/review-company/snm-logistics-sp-z-oo.html
HD Trans Sp. z o. o.;;https://for-driver.info/en/review-company/HD-Trans.html
Dominik Transport;biuro@dominiktransport.pl;https://for-driver.info/en/review-company/Dominik-Transport.html
GAMA Jacek Hinc;gama@gama-gdansk.pl;https://for-driver.info/en/review-company/GAMA-Jacek-Hinc.html
ART.B. LOGISTIC Sp. z o.o.;buiro@artblogistic.eu;https://for-driver.info/en/review-company/artb-logistic-sp-z-oo.html
Synco Logistics;t.szopinski@synco.pl;https://for-driver.info/en/review-company/Synco-Logistics.html
Daltrans Henryk Dalaszyński;biuro@daltrans.com.pl;https://for-driver.info/en/review-company/Daltrans-Henryk-Dalaszyński.html
Girteka Logistics;info@girteka.eu;https://for-driver.info/review-company/Girteka_Logistics.html
CZAR-TRANS;czareks28@wp.pl;https://for-driver.info/en/review-company/CZAR-TRANS.html
CL Grześkowiak Sp. z o.o.;cl@grzeskowiak.com.pl;https://for-driver.info/en/review-company/cl-grzeskowiak-sp-z-oo.html
ART-SPED Poznań;art-sped@art-sped.poznan.pl;https://for-driver.info/en/review-company/ART-SPED-Poznań.html
ADEX Transport;adex@adexspedycja.pl;https://for-driver.info/en/review-company/ADEX-Transport.html
Pa-wel Transport;pa-wel.transport@o2.pl;https://for-driver.info/en/review-company/Pa-wel-Transport.html
JCB Transport;jcbtransport@wp.pl;https://for-driver.info/en/review-company/JCB-Transport.html
IKLUX;ikartravel2011@mail.ru;https://for-driver.info/en/review-company/IKLUX.html
Girteka Logistics;info@girteka.eu;https://for-driver.info/review-company/Girteka_Logistics.html
F.H.U. KRAUT Kwieciński Zdzisław;biuro@kraut.pl;https://for-driver.info/en/review-company/fhu-kraut-kwiecinski-zdzislaw.html
Paletex Sp. z o.o.;biuro@paletex.info;https://for-driver.info/en/review-company/Paletex.html
SÖLLNER Logistic Polska;maciej.balanicki@soellner.pl;https://for-driver.info/en/review-company/SÖLLNER-Logistic-Polska.html
EU-TRANS Sp. z o.o.;alicja.polacarz@eutrans.com.pl;https://for-driver.info/en/review-company/eu-trans-sp-z-oo.html
DPV Logistic Sp. z o.o.;biuro@dpvlogistic.pl;https://for-driver.info/en/review-company/dpv-logistic-sp-z-oo.html
Bury Transport;transport@bury.pl;https://for-driver.info/en/review-company/Bury-Transport.html
United Logistics;info@unitedlogistics.com.pl;https://for-driver.info/en/review-company/United-Logistics.html
Girteka Logistics;info@girteka.eu;https://for-driver.info/review-company/Girteka_Logistics.html
AG Trans Grzegorz Charchut;biuro@ag-trans.pl;https://for-driver.info/en/review-company/AG-Trans-Grzegorz-Charchut.html
EURO-EXPRES Michał Malinowski;michal.malinowski@euro-expres.pl;https://for-driver.info/en/review-company/euro-expres-michal-malinowski.html
B+K Transport i Spedycja;grodzisk@bplusk.pl;https://for-driver.info/en/review-company/B+K-Transport-i-Spedycja.html
Wip-Trans Plus Sp. z o.o.;info@wiptrans.pl;https://for-driver.info/en/review-company/wip-trans-plus-sp-z-oo.html
M&W Spedition;transport@mw-spedition.com;https://for-driver.info/en/review-company/M&W-Spedition.html
Tedpol Sp. z o.o.;pawel.biernacki@tedpol.eu;https://for-driver.info/en/review-company/tedpol-sp-z-oo.html
Transam;marcin@transam.eu;https://for-driver.info/en/review-company/Transam.html
Girteka Logistics;info@girteka.eu;https://for-driver.info/review-company/Girteka_Logistics.html
INNOVATION TRADING;dispo@innovationtrading.eu;https://for-driver.info/en/review-company/INNOVATION-TRADING.html
Sis Sp. z o.o.;info@sistrans.pl;https://for-driver.info/en/review-company/sis-sp-z-oo.html
KOTRANS;biuro@kotrans.net;https://for-driver.info/en/review-company/KOTRANS.html
Eurotex Sp. z o.o.;info@eurotextransport.com;https://for-driver.info/en/review-company/eurotex-sp-z-oo.html
MARCO-OIL;biuro@marco-oil.pl;https://for-driver.info/en/review-company/MARCO-OIL.html
MW EXPRESS;spedycja@mwexpress.pl;https://for-driver.info/en/review-company/MW-EXPRESS.html
Mo Sneed Transport Sp. z o.o.;;https://for-driver.info/en/review-company/mo-sneed-transport-sp-z-oo.html
Girteka Logistics;info@girteka.eu;https://for-driver.info/review-company/Girteka_Logistics.html
Magmar Auto Sp. z o.o.;;https://for-driver.info/en/review-company/magmar-auto-sp-z-oo.html
V4L Logistyka;v4l@v4l.pl;https://for-driver.info/en/review-company/V4L-Logistyka.html
DWA PLUS Sp. z o.о.;office@dwaplus.com.pl;https://for-driver.info/en/review-company/dwa-plus-sp-zoo.html
TRANSPOL Wiesław Wysocki;wwysocki.transpol@vp.pl;https://for-driver.info/en/review-company/TRANSPOL-Wiesław-Wysocki.html
Jastim;jastim@jastim.pl;https://for-driver.info/en/review-company/Jastim.html
MIREX Mirosław Michałowski;biuro@mirex-transport.pl;https://for-driver.info/en/review-company/MIREX-Mirosław-Michałowski.html
TB Logistics Sp. z o.o.;info@tblogistics.eu;https://for-driver.info/en/review-company/tb-logistics-sp-z-oo.html
Girteka Logistics;info@girteka.eu;https://for-driver.info/review-company/Girteka_Logistics.html
Prymus Szumacher Wieczorek;praca@prymus.waw.pl;https://for-driver.info/en/review-company/prymus-szumacher-wieczorek.html
DRUTEX S.A.;drutex@drutex.com.pl;https://for-driver.info/en/review-company/DRUTEX-S-A.html
KM LOGISTYKA;transport@kmlogistyka.pl;https://for-driver.info/en/review-company/KM-LOGISTYKA.html
Lukashev Transport Sp. z o.o.;infotruck@lukashevtransport.pl;https://for-driver.info/en/review-company/lukashev-transport-sp-z-oo.html
Symlog Spedycja;kontakt@symlog.eu;https://for-driver.info/en/review-company/Symlog-Spedycja.html
FROMOD;biuro@fromod.pl;https://for-driver.info/en/review-company/FROMOD.html
Anmag. Transport krajowy i międzynarodowy. Magiera J.;anmag.transport@wp.pl;https://for-driver.info/en/review-company/anmag-transport-magiera-j.html
Girteka Logistics;info@girteka.eu;https://for-driver.info/review-company/Girteka_Logistics.html
Wowix-Trans;transport@wowix.pl;https://for-driver.info/en/review-company/Wowix-Trans.html
SILESIA CARGO TRANS ŁUKASZ ANIOŁ;office@silesiacargotrans.pl;https://for-driver.info/en/review-company/SILESIA-CARGO-TRANS.html
Pommerntrans sp. z o.o.;info@pommerntrans.com;https://for-driver.info/en/review-company/pommerntrans-sp-z-oo.html
Uni-logistics;info@unilog.eu;https://for-driver.info/en/review-company/Uni-logistics.html
Gorem Transport Sp. z o.o.;;https://for-driver.info/en/review-company/gorem-transport-sp-z-oo.html
LOJA;biuro@loja.pl;https://for-driver.info/en/review-company/LOJA.html
CARBO-TRANS Sp. z o.o.;zarzad@carbo-trans.pl;https://for-driver.info/en/review-company/carbo-trans-sp-z-oo.html
Girteka Logistics;info@girteka.eu;https://for-driver.info/review-company/Girteka_Logistics.html
CMOL- FRUT Stefan Wrzask;cmolfrut@cmol-frut.com.pl;https://for-driver.info/en/review-company/CMOL--FRUT-Stefan-Wrzask.html
F.U.H SimTrans;info@simtrans.com.pl;https://for-driver.info/en/review-company/fuh-simtrans.html
AG-TRANS Spółka z o.o.;info@agtrans.pl;https://for-driver.info/en/review-company/ag-trans-spółka-zoo.html
Dart-Trans;darttrans@wp.pl;https://for-driver.info/en/review-company/Dart-Trans.html
Artrans Arkadiusz Janasz;fhuartrans@gmail.com;https://for-driver.info/en/review-company/Artrans-Arkadiusz-Janasz.html
STEFAR;joanna.kwak@stefar.pl;https://for-driver.info/en/review-company/STEFAR.html
IGOMA TSL Klaudia Wrona;;https://for-driver.info/en/review-company/igoma-tsl-klaudia-wrona.html
Girteka Logistics;info@girteka.eu;https://for-driver.info/review-company/Girteka_Logistics.html
LV Logistic Sp. z o.o.;lvlogisticia@gmail.com;https://for-driver.info/en/review-company/lv-logistic-sp-z-oo.html
Transport Drogowy Jacek Gortat;biuro@tdjg.pl;https://for-driver.info/en/review-company/Transport-Drogowy-Jacek-Gortat.html
Ap Transport;;https://for-driver.info/en/review-company/Ap-Transport.html
WO-KAR;biuro@wo-kar.eu;https://for-driver.info/en/review-company/WO-KAR.html
LARGO transport;largo.biuro@gmail.com;https://for-driver.info/en/review-company/LARGO-transport.html
HENRY HENDRIX Transport - Logistyka;henrykbarciak@gmail.com;https://for-driver.info/en/review-company/henry-hendrix-transport-logistyka.html
Kadam;spedycja@kadam.com.pl;https://for-driver.info/en/review-company/Kadam.html
Girteka Logistics;info@girteka.eu;https://for-driver.info/review-company/Girteka_Logistics.html
Trans Cargo Service Sp. z o.o.;;https://for-driver.info/en/review-company/Trans-Cargo-Service-Sp-zoo.html
Trans-Logistic;rekrutacja@trans-logistic.pl;https://for-driver.info/en/review-company/Trans-Logistic.html
Diesel-Motor;transport@diesel-motor.pl;https://for-driver.info/en/review-company/Diesel-Motor.html
Eco Fruits sp. z o.o.;ecofruits@ecofruits.com;https://for-driver.info/en/review-company/eco-fruits-sp-z-oo.html
ART-SPED Internationale Spedition;office@art-sped.com.pl;https://for-driver.info/en/review-company/ART-SPED-Internationale-Spedition.html
GLOBAL TRANS;Info@globaltrans.com.pl;https://for-driver.info/en/review-company/GLOBAL-TRANS.html
Bird Trans Sp. z o.o.;info.birdtrans@gmail.com;https://for-driver.info/en/review-company/bird-trans-sp-z-oo.html
Girteka Logistics;info@girteka.eu;https://for-driver.info/review-company/Girteka_Logistics.html
TRANSEXPRESS Dąbrowska Justyna;biuro@transexpress.net.pl;https://for-driver.info/en/review-company/TRANSEXPRESS-Dąbrowska-Justyna.html
Usługi Transportowe Wojciech Bednarski;;https://for-driver.info/en/review-company/Wojciech-Bednarsk.html
RENEX;;https://for-driver.info/en/review-company/RENEX.html
Anna Nocoń Ter-Pol;terpol62@wp.pl;https://for-driver.info/en/review-company/anna-nocon-ter-pol.html
AREN-SPED Robert Wrona;sekretariat@arensped.pl;https://for-driver.info/en/review-company/AREN-SPED-Robert-Wrona.html
Werba-Trans;biuro@werba-trans.pl;https://for-driver.info/en/review-company/Werba-Trans.html
TOMBART Tomasz Noworyta;tombart@i2b.pl;https://for-driver.info/en/review-company/TOMBART-Tomasz-Noworyta.html
Girteka Logistics;info@girteka.eu;https://for-driver.info/review-company/Girteka_Logistics.html
Green Way Logistics;office@greenway.com;https://for-driver.info/en/review-company/green-way-logistics.html
San-Trans Sławomir Grabowski;santrans@vp.pl;https://for-driver.info/en/review-company/San-Trans-Sławomir-Grabowski.html
Sobańscy Transport Sp. z o.o.;biuro@sobanscy.eu;https://for-driver.info/en/review-company/Sobańscy.html
Krystian Żebrowski TRANSPORT;;https://for-driver.info/en/review-company/Krystian-Żebrowski-TRANSPORT.html
Aja Logistics;info@ajalogistics.pl;https://for-driver.info/en/review-company/Aja-Logistics.html
ALEKS Waldemar Jasionowski;aleks.transport@gmail.com;https://for-driver.info/en/review-company/ALEKS-Waldemar-Jasionowski.html
Mrozek Transport sp. z o.o;administracja@mrozektransport.com;https://for-driver.info/en/review-company/mrozek-transport-sp-z-oo.html
Girteka Logistics;info@girteka.eu;https://for-driver.info/review-company/Girteka_Logistics.html
KLEIBER Transport Sp. z o.o.;kontakt@kleiber-transport.pl;https://for-driver.info/en/review-company/kleiber-transport-sp-z-oo.html
Onyx Profitrans;onyx.trans@mail.ru;https://for-driver.info/en/review-company/Onyx-Profitrans.html
OL-TRANS Transport i Spedycja;spedycja@ol-trans.pl;https://for-driver.info/en/review-company/OL-TRANS.html
F.U.H SimTrans;info@simtrans.com.pl;https://for-driver.info/en/review-company/fuh-simtrans.html
AG-TRANS Spółka z o.o.;info@agtrans.pl;https://for-driver.info/en/review-company/ag-trans-spółka-zoo.html
Dart-Trans;darttrans@wp.pl;https://for-driver.info/en/review-company/Dart-Trans.html
Artrans Arkadiusz Janasz;fhuartrans@gmail.com;https://for-driver.info/en/review-company/Artrans-Arkadiusz-Janasz.html
Girteka Logistics;info@girteka.eu;https://for-driver.info/review-company/Girteka_Logistics.html
KARLOS;;https://for-driver.info/en/review-company/KARLOS.html
MBL Transport Marcin Barbuletis;kontakt@mbarbuletis.com;https://for-driver.info/en/review-company/mbl-transport-marcin-barbuletis.html
Steiger Logistic Sp.z.o.o;transport@steiger.pl;https://for-driver.info/en/review-company/steiger-logistic-spzoo.html
TOMAR;logistyka@tomar-lotyn.pl;https://for-driver.info/en/review-company/TOMAR.html
Rlg Polska Sp. z o.o.;;https://for-driver.info/en/review-company/rlg-polska-sp-zoo.html
ARMIR;biuro@armir.pl;https://for-driver.info/en/review-company/ARMIR.html
Redo Sp. z o.o.;dorota_jlab@o2.pl;https://for-driver.info/en/review-company/Redo-Sp--z-o-o-.html
Girteka Logistics;info@girteka.eu;https://for-driver.info/review-company/Girteka_Logistics.html
ARTPOL Artur Zarzycki;artpolz@artpolz.pl;https://for-driver.info/en/review-company/ARTPOL-Artur-Zarzycki.html
Włodarczyk Transport;biuro@trans-weg.com;https://for-driver.info/en/review-company/wlodarczyk-transport.html
Trans Cargo Service Sp. z o.o.;;https://for-driver.info/en/review-company/Trans-Cargo-Service-Sp-zoo.html
Trans-Logistic;rekrutacja@trans-logistic.pl;https://for-driver.info/en/review-company/Trans-Logistic.html
Diesel-Motor;transport@diesel-motor.pl;https://for-driver.info/en/review-company/Diesel-Motor.html
Eco Fruits sp. z o.o.;ecofruits@ecofruits.com;https://for-driver.info/en/review-company/eco-fruits-sp-z-oo.html
ART-SPED Internationale Spedition;office@art-sped.com.pl;https://for-driver.info/en/review-company/ART-SPED-Internationale-Spedition.html
Girteka Logistics;info@girteka.eu;https://for-driver.info/review-company/Girteka_Logistics.html
ROBI Robert Olszewski;p.chrzanowski@robi.net.pl;https://for-driver.info/en/review-company/ROBI-Robert-Olszewski.html
Wartrans Zbigniew Dworzyński;office@wartrans.com;https://for-driver.info/en/review-company/Wartrans-Zbigniew-Dworzyński.html
Mega-Trans;biuro@mega24.com.pl;https://for-driver.info/en/review-company/Mega-Trans.html
JAMOX-TRANS Sp. z o.o.;biuro@jamox.eu;https://for-driver.info/en/review-company/jamox-trans-sp-z-oo.html
ATEST transport;zbyszek-atest@o2.pl;https://for-driver.info/en/review-company/ATEST-transport.html
Wender;kontakt@wender.com.pl;https://for-driver.info/en/review-company/Wender.html
Dominik Transport;biuro@dominiktransport.pl;https://for-driver.info/en/review-company/Dominik-Transport.html
Girteka Logistics;info@girteka.eu;https://for-driver.info/review-company/Girteka_Logistics.html
BIAŁEK Transport - Usługi transportowe;kontakt@bialektransport.pl;https://for-driver.info/en/review-company/białek-transport.html
Paxmar;paxmar@vp.pl;https://for-driver.info/en/review-company/Paxmar.html
Gosped sp. z o.o.;gosped@gosped.eu;https://for-driver.info/en/review-company/gosped-sp-z-oo.html
INTERSET;interset@interset.pl;https://for-driver.info/en/review-company/INTERSET.html
SILESIA CARGO;transport@silesia-cargo.pl;https://for-driver.info/en/review-company/SILESIA-CARGO.html
Grzybmar Sp. z o.o.;grzybmar@grzybmar.com.pl;https://for-driver.info/en/review-company/grzybmar-sp-z-oo.html
Megamot;transport@megamot.eu;https://for-driver.info/en/review-company/Megamot.html
Girteka Logistics;info@girteka.eu;https://for-driver.info/review-company/Girteka_Logistics.html
MAYS LOGISTIC;ibryja@mayslogistic.pl;https://for-driver.info/en/review-company/MAYS-LOGISTIC.html
CZAR-TRANS;czareks28@wp.pl;https://for-driver.info/en/review-company/CZAR-TRANS.html
CL Grześkowiak Sp. z o.o.;cl@grzeskowiak.com.pl;https://for-driver.info/en/review-company/cl-grzeskowiak-sp-z-oo.html
ART-SPED Poznań;art-sped@art-sped.poznan.pl;https://for-driver.info/en/review-company/ART-SPED-Poznań.html
ADEX Transport;adex@adexspedycja.pl;https://for-driver.info/en/review-company/ADEX-Transport.html
Pa-wel Transport;pa-wel.transport@o2.pl;https://for-driver.info/en/review-company/Pa-wel-Transport.html
JCB Transport;jcbtransport@wp.pl;https://for-driver.info/en/review-company/JCB-Transport.html
Girteka Logistics;info@girteka.eu;https://for-driver.info/review-company/Girteka_Logistics.html
Cavalieri. Sujecka J.;biuro@cavalieri.pl;https://for-driver.info/en/review-company/cavalieri-sujecka-j.html
Maximus Auto;maximusauto@o2.pl;https://for-driver.info/en/review-company/Maximus-Auto.html
LT-TRANS Sp. z o.o.;office@lttrans.eu;https://for-driver.info/en/review-company/LT-TRANS.html
De Jong Special Services Sp. z o.o.;;https://for-driver.info/en/review-company/de-jong-special-services-sp-z-oo.html
DIO Trans Servis Sp. z o.o.;bogdan_f@wp.pl;https://for-driver.info/en/review-company/DIO-TRANS-SERVIS.html
Kübler;biuro.kubler@gmail.com;https://for-driver.info/en/review-company/Kübler.html
Bama Logistics;info@bamalogistics.pl;https://for-driver.info/en/review-company/Bama-Logistics.html
Girteka Logistics;info@girteka.eu;https://for-driver.info/review-company/Girteka_Logistics.html
TTD MICHALIK;biuro@transport-michalik.pl;https://for-driver.info/en/review-company/TTD-MICHALIK.html
Meliorex;biuro@meliorex.pl;https://for-driver.info/en/review-company/meliorex.html
Imbex Kobiereccy;imbex@imbex.pl;https://for-driver.info/en/review-company/Imbex-Kobiereccy.html
Zbych-Trans Zbigniew Teszbir;zbych_trans@op.pl;https://for-driver.info/en/review-company/Zbych-Trans-Zbigniew-Teszbir.html
Transbud Plus sp. z.o.o;spedycja@transbudgroup.pl;https://for-driver.info/en/review-company/transbud-plus-sp-zoo.html
ATEST transport;zbyszek-atest@o2.pl;https://for-driver.info/en/review-company/ATEST-transport.html
Ali-Woj-Trans Sp. z o.o.;biuro@aliwojtrans.pl;https://for-driver.info/en/review-company/ali-woj-trans-sp-z-oo.html
Girteka Logistics;info@girteka.eu;https://for-driver.info/review-company/Girteka_Logistics.html
Antgab Sped Sp. z o.o.;kontakt@antgabsped.com;https://for-driver.info/en/review-company/antgab-sped-sp-z-oo.html
CARGORIZE;info@cargorize.com;https://for-driver.info/en/review-company/CARGORIZE.html
DROADER Usługi Transportowe;kontakt@droader.com;https://for-driver.info/en/review-company/droader-uslugi-transportowe.html
Kułton Transport Sp. z o.o.;info@kulton.pl;https://for-driver.info/en/review-company/KUŁTON-TRANSPORT.html
AL-TRANS SZAREK;info@altrans.com.pl;https://for-driver.info/en/review-company/AL-TRANS-SZAREK.html
Walmar Marek Wdowiński Sławomir Wdowiński;wdowinski@op.pl;https://for-driver.info/en/review-company/walmar-marek-wdowinski.html
WMTS Sp. z o.o.;wmts@onet.eu;https://for-driver.info/en/review-company/WMTS.html
Girteka Logistics;info@girteka.eu;https://for-driver.info/review-company/Girteka_Logistics.html
B10;biuro@b10.com.pl;https://for-driver.info/en/review-company/B10.html
Optimus Transport;szewcmaciej@o2.pl;https://for-driver.info/en/review-company/Optimus-Transport.html
JAMOX-TRANS Sp. z o.o.;biuro@jamox.eu;https://for-driver.info/en/review-company/jamox-trans-sp-z-oo.html
Green Way Transport;office@greenwaytransport.eu;https://for-driver.info/en/review-company/Green-Way-Transport.html
SOBSEN USŁUGI TRANSPORTOWE;sobsen@wp.pl;https://for-driver.info/en/review-company/SOBSEN-USŁUGI-TRANSPORTOWE.html
KPT Kowalski;kpt@kpt-kowalski.pl;https://for-driver.info/en/review-company/KPT-Kowalski.html
Trans-Grosz Sp. z o.o.;trans-grosz@wp.pl;https://for-driver.info/en/review-company/trans-grosz-sp-z-oo.html
Girteka Logistics;info@girteka.eu;https://for-driver.info/review-company/Girteka_Logistics.html
TAG;office@tag-transport.com;https://for-driver.info/en/review-company/TAG.html
Open Logistics sp. z o.o.;office@openlogistics.eu;https://for-driver.info/en/review-company/open-logistics-sp-z-oo.html
Euro-Seven Transport Spedycja;biuro@euroseven.pl;https://for-driver.info/en/review-company/euro-seven-transport-spedycja.html
LP Logistic & Smart Logistics;lplogistic@lplogistic.com.pl;https://for-driver.info/en/review-company/lp-logistic-smart-logistics.html
MAT-TRANS;biuro@mt-transport.pl;https://for-driver.info/en/review-company/MAT-TRANS.html
Abaco Transport Stanisław Stankiewicz;abaco@abaco.pl;https://for-driver.info/en/review-company/abaco-transport-stanislaw-stankiewicz.html
Caveral Transport;rekrutacja@caveral.pl;https://for-driver.info/en/review-company/Caveral-Transport.html
Girteka Logistics;info@girteka.eu;https://for-driver.info/review-company/Girteka_Logistics.html
TOMTRANS Tomasz Kowalski;biuro@tomtrans.eu;https://for-driver.info/en/review-company/TOMTRANS.html
IKAR Transport;ikar@ikar-transport.pl;https://for-driver.info/en/review-company/IKAR-Transport.html
RP-TRANS Sp. z o.o.;biuro@rp-trans.pl;https://for-driver.info/en/review-company/rp-trans-sp-z-oo.html
ARKO Transport;info@fharko.pl;https://for-driver.info/en/review-company/ARKO-Transport.html
KASPRZYCKI Transport;kasprzyckitransport@interia.pl;https://for-driver.info/en/review-company/KASPRZYCKI-Transport.html
ITD. Sp. z oo;info@itdpl.com;https://for-driver.info/en/review-company/ITD-Sp-zoo.html
Sound Logistics Sp. z o.o.;soundlogistics.office@gmail.com;https://for-driver.info/en/review-company/sound-logistics-sp-z-oo.html
Girteka Logistics;info@girteka.eu;https://for-driver.info/review-company/Girteka_Logistics.html
Rt-Trans;rttrans@rt-trans.pl;https://for-driver.info/en/review-company/Rt-Trans.html
CMOL- FRUT Stefan Wrzask;cmolfrut@cmol-frut.com.pl;https://for-driver.info/en/review-company/CMOL--FRUT-Stefan-Wrzask.html
Mango Transport Sp. z o.o.;;https://for-driver.info/en/review-company/mango-transport-sp-z-oo.html
AGRO-TRANS Paweł Sylwestrzak;biuro@agrotrans.net.pl;https://for-driver.info/en/review-company/AGRO-TRANS-Paweł-Sylwestrzak.html
Transport Mirosław Jedut;transport@jedut.com.pl;https://for-driver.info/en/review-company/Transport-Mirosław-Jedut.html
POLMAR;a.gemon@polmarforagri.pl;https://for-driver.info/en/review-company/POLMAR.html
KMK Logistyka;info@kmklogistyka.com.pl;https://for-driver.info/en/review-company/KMK-Logistyka.html
Girteka Logistics;info@girteka.eu;https://for-driver.info/review-company/Girteka_Logistics.html
PHENIX Sp. Z o.o.;kontakt@phenix-sped.eu;https://for-driver.info/en/review-company/PHENIX.html
Rola-Trans;biuro@rola-trans.com;https://for-driver.info/en/review-company/rola-trans.html
RIkhom Transport;rikhom.pl@gmail.com;https://for-driver.info/en/review-company/RIkhom-Transport.html
A.J.M Transport;biuroajmtransport@gmail.com;https://for-driver.info/en/review-company/A-J-M-Transport.html
Mitrans Plus;transport@mitrans-plus.eu;https://for-driver.info/en/review-company/Mitrans-Plus.html
BeneCar Sp Z o.o.;p.romaniak@benecar.pl;https://for-driver.info/en/review-company/BeneCar.html
ARTPOL Artur Zarzycki;artpolz@artpolz.pl;https://for-driver.info/en/review-company/ARTPOL-Artur-Zarzycki.html
Girteka Logistics;info@girteka.eu;https://for-driver.info/review-company/Girteka_Logistics.html
Trans Cargo Service Sp. z o.o.;;https://for-driver.info/en/review-company/Trans-Cargo-Service-Sp-zoo.html
Trans-Logistic;rekrutacja@trans-logistic.pl;https://for-driver.info/en/review-company/Trans-Logistic.html
Diesel-Motor;transport@diesel-motor.pl;https://for-driver.info/en/review-company/Diesel-Motor.html
Eco Fruits sp. z o.o.;ecofruits@ecofruits.com;https://for-driver.info/en/review-company/eco-fruits-sp-z-oo.html
ART-SPED Internationale Spedition;office@art-sped.com.pl;https://for-driver.info/en/review-company/ART-SPED-Internationale-Spedition.html
GLOBAL TRANS;Info@globaltrans.com.pl;https://for-driver.info/en/review-company/GLOBAL-TRANS.html
Bird Trans Sp. z o.o.;info.birdtrans@gmail.com;https://for-driver.info/en/review-company/bird-trans-sp-z-oo.html
Girteka Logistics;info@girteka.eu;https://for-driver.info/review-company/Girteka_Logistics.html
Im4log Sp. z o.o.;;https://for-driver.info/en/review-company/im4log-sp-z-oo.html
Cargo-Sped-Trans;biuro@cargo-sped-trans.biz.pl;https://for-driver.info/en/review-company/Cargo-Sped-Trans.html
PAJOR Transport;biuro.pajor@gmail.com;https://for-driver.info/en/review-company/pajor-transport.html
Artex Transport;;https://for-driver.info/en/review-company/Artex-Transport.html
Kaleta Tomasz Usługi Transportowe;;https://for-driver.info/en/review-company/kaleta-tomasz-uslugi-transportowe.html
Zaremba Zbigniew Transport;;https://for-driver.info/en/review-company/Zaremba-Zbigniew-Transport.html
Turbańscy Sp. z o.o.;biuro@turbanscy.pl;https://for-driver.info/en/review-company/turbanscy-sp-z-oo.html
Girteka Logistics;info@girteka.eu;https://for-driver.info/review-company/Girteka_Logistics.html
Hojczak Trans Sp. z o.o.;hojczaktrans@op.pl;https://for-driver.info/en/review-company/hojczak-trans-sp-z-oo.html
Słodex PPHU Gwizdała;slodex@wp.pl;https://for-driver.info/en/review-company/słodex-pphu-gwizdała.html
MAT-TRANS Mateusz Rosiński;biuro@rosinski-mattrans.com;https://for-driver.info/en/review-company/MAT-TRANS-Mateusz-Rosiński.html
LABTRANS;biuro@labtrans.pl;https://for-driver.info/en/review-company/LABTRANS.html
Z. JASKOT TRANSPORT;zjaskot@zjaskot.pl;https://for-driver.info/en/review-company/Z--JASKOT-TRANSPORT.html
Professional Thermo Logistics Sp. z o.o.;;https://for-driver.info/en/review-company/professional-thermo-logistics-sp-z-oo.html
GO-TRANS;edyta.jonca@go-trans.pl;https://for-driver.info/en/review-company/GO-TRANS.html
Girteka Logistics;info@girteka.eu;https://for-driver.info/review-company/Girteka_Logistics.html
SILESIA CARGO;transport@silesia-cargo.pl;https://for-driver.info/en/review-company/SILESIA-CARGO.html
Grzybmar Sp. z o.o.;grzybmar@grzybmar.com.pl;https://for-driver.info/en/review-company/grzybmar-sp-z-oo.html
Megamot;transport@megamot.eu;https://for-driver.info/en/review-company/Megamot.html
Piotr Fałat Transport;;https://for-driver.info/en/review-company/piotr-falat-transport.html
Agro-Sklad;praca@agro-sklad.pl;https://for-driver.info/en/review-company/Agro-Sklad.html
DASTIM;biuro.dastim@gmail.com;https://for-driver.info/en/review-company/DASTIM.html
ALFA-TRANS KOKOSZKA;alfatrans3@wp.pl;https://for-driver.info/en/review-company/ALFA-TRANS-KOKOSZKA.html
Girteka Logistics;info@girteka.eu;https://for-driver.info/review-company/Girteka_Logistics.html
Axell Logistics sp. z o.o.;dok.ra.logistics@axell.pl;https://for-driver.info/en/review-company/axell-logistics-sp-z-oo.html
MICH-TRANS;biuro@mich-trans.com;https://for-driver.info/en/review-company/MICH-TRANS.html
GAREX LOGISTICS;biuro@garex-spedycja.pl;https://for-driver.info/en/review-company/GAREX-LOGISTICS.html
S.I.T. Polska;sit.polska@interia.pl;https://for-driver.info/en/review-company/S-I-T--Polska.html
Jan De Rijk Logistics Poland Sp. z o.o.;info@janderijk.com;https://for-driver.info/en/review-company/jan-de-rijk-logistics-poland-sp-z-oo.html
CT Logistics;customer.service@ctlogistic.com;https://for-driver.info/en/review-company/CT-Logistics.html
NTK Transport Katarzyna Nowak;Transport.ntk@gmail.com;https://for-driver.info/en/review-company/ntk-transport-katarzyna-nowak.html
Girteka Logistics;info@girteka.eu;https://for-driver.info/review-company/Girteka_Logistics.html
AGA–TRANS;m.maliszewski@agatrans.eu;https://for-driver.info/en/review-company/AGA–TRANS.html
B.I.G. CAPITAL TRANS;;https://for-driver.info/en/review-company/B-I-G-CAPITAL-TRANS.html
DIREX LOGISTIC;kariera@direx.pl;https://for-driver.info/en/review-company/DIREX-LOGISTIC.html
Bolek-Trans Paulina Bolek;;https://for-driver.info/en/review-company/bolek-trans-paulina-bolek.html
BEDMET Transport;office@bedmet.pl;https://for-driver.info/en/review-company/BEDMET-Transport.html
Trans-Net Dariusz Krzeptowski;transnetsl@wp.pl;https://for-driver.info/en/review-company/trans-net-dariusz-krzeptowski.html
GB Express delivery Sp.z o. o.;info@gbexpressdelivery.pl;https://for-driver.info/en/review-company/GB-Express-delivery-Sp-zoo.html
Girteka Logistics;info@girteka.eu;https://for-driver.info/review-company/Girteka_Logistics.html
ATRANS Piotr Adamczyk;office@atrans-transport.eu;https://for-driver.info/en/review-company/ATRANS-Piotr-Adamczyk.html
Renotrans Renata Siedlecka;;https://for-driver.info/en/review-company/Renotrans-Renata-Siedlecka.html
RA-TRANS;info@ra-trans.pl;https://for-driver.info/en/review-company/RA-TRANS.html
KARLOS;;https://for-driver.info/en/review-company/KARLOS.html
MBL Transport Marcin Barbuletis;kontakt@mbarbuletis.com;https://for-driver.info/en/review-company/mbl-transport-marcin-barbuletis.html
Steiger Logistic Sp.z.o.o;transport@steiger.pl;https://for-driver.info/en/review-company/steiger-logistic-spzoo.html
TOMAR;logistyka@tomar-lotyn.pl;https://for-driver.info/en/review-company/TOMAR.html
Girteka Logistics;info@girteka.eu;https://for-driver.info/review-company/Girteka_Logistics.html
ARMIR;biuro@armir.pl;https://for-driver.info/en/review-company/ARMIR.html
Redo Sp. z o.o.;dorota_jlab@o2.pl;https://for-driver.info/en/review-company/Redo-Sp--z-o-o-.html
KBK Transport Sp. z o.o.;kboguslawska96@gmail.com;https://for-driver.info/en/review-company/kbk-transport-sp-z-oo.html
Antrans Andrzej Piróg;biuro.antrans@op.pl;https://for-driver.info/en/review-company/Antrans-Andrzej-Piróg.html
Milton Group;contact@miltongroup.net;https://for-driver.info/en/review-company/milton-group.html
FoodTankers Polska;info@foodtankers.com;https://for-driver.info/en/review-company/FoodTankers-Polska.html
BB Logistic Sp. z o.o.;piotr@bblogistic.pl;https://for-driver.info/en/review-company/bb-logistic-sp-z-oo.html
Girteka Logistics;info@girteka.eu;https://for-driver.info/review-company/Girteka_Logistics.html
LABTRANS;biuro@labtrans.pl;https://for-driver.info/en/review-company/LABTRANS.html
Z. JASKOT TRANSPORT;zjaskot@zjaskot.pl;https://for-driver.info/en/review-company/Z--JASKOT-TRANSPORT.html
Professional Thermo Logistics Sp. z o.o.;;https://for-driver.info/en/review-company/professional-thermo-logistics-sp-z-oo.html
GO-TRANS;edyta.jonca@go-trans.pl;https://for-driver.info/en/review-company/GO-TRANS.html
DOR-AGRO Sieczkowski;rafal@dor-agro.com;https://for-driver.info/en/review-company/DOR-AGRO-Sieczkowski.html
MAG-MA;info@mag-ma.com.pl;https://for-driver.info/en/review-company/MAG-MA.html
Petra Trans;biuro@petratrans.pl;https://for-driver.info/en/review-company/Petra-Trans.html
Girteka Logistics;info@girteka.eu;https://for-driver.info/review-company/Girteka_Logistics.html
C.S.CARGO Poland Sp. z o.o.;poland@cscargo.eu;https://for-driver.info/en/review-company/cscargo-poland-sp-z-oo.html
4 Partners Polska sp. z o.o.;biuro@4partners.com.pl;https://for-driver.info/en/review-company/4-partners-polska-sp-z-oo.html
Direct Cargo;directcargo@directcargo.pl;https://for-driver.info/en/review-company/Direct-Cargo.html
Sokol-Trans Piotr Sokolow;sokoltrans@wp.pl;https://for-driver.info/en/review-company/Sokol-Trans-Piotr-Sokolow.html
Uni-Transport;kontakt@uni-transport.pl;https://for-driver.info/en/review-company/uni-transport.html
Mario-Trans Mariusz Wójtowicz;;https://for-driver.info/en/review-company/Mario-Trans-Mariusz-Wójtowicz.html
RETRANS T. Baran, M. Kapcia Sp.j.;biuro@retrans.pl;https://for-driver.info/en/review-company/RETRANS.html
Girteka Logistics;info@girteka.eu;https://for-driver.info/review-company/Girteka_Logistics.html
Rt-Trans;rttrans@rt-trans.pl;https://for-driver.info/en/review-company/Rt-Trans.html
CMOL- FRUT Stefan Wrzask;cmolfrut@cmol-frut.com.pl;https://for-driver.info/en/review-company/CMOL--FRUT-Stefan-Wrzask.html
Mango Transport Sp. z o.o.;;https://for-driver.info/en/review-company/mango-transport-sp-z-oo.html
AGRO-TRANS Paweł Sylwestrzak;biuro@agrotrans.net.pl;https://for-driver.info/en/review-company/AGRO-TRANS-Paweł-Sylwestrzak.html
Transport Mirosław Jedut;transport@jedut.com.pl;https://for-driver.info/en/review-company/Transport-Mirosław-Jedut.html
POLMAR;a.gemon@polmarforagri.pl;https://for-driver.info/en/review-company/POLMAR.html
KMK Logistyka;info@kmklogistyka.com.pl;https://for-driver.info/en/review-company/KMK-Logistyka.html
Girteka Logistics;info@girteka.eu;https://for-driver.info/review-company/Girteka_Logistics.html
Van der Vlist Polen;info@vandervlist.com;https://for-driver.info/en/review-company/Van-der-Vlist-Polen.html
PW DUDA;info@pwduda.pl;https://for-driver.info/en/review-company/pw-duda.html
Sławomir Barzański Transport;slawomirbarzanski@wp.pl;https://for-driver.info/en/review-company/Sławomir-Barzański-Transport.html
BRATRANS S.C.;bratrans@poczta.fm;https://for-driver.info/en/review-company/BRATRANS-SC.html
TYMAR;biuro-tymar@wp.pl;https://for-driver.info/en/review-company/TYMAR.html
Trans-AL;trans-al@trans-al.eu;https://for-driver.info/en/review-company/Trans-AL.html
GCL - Gubińskie Centrum Logistyki Sp. z o.o.;biuro@gclogistyki.pl;https://for-driver.info/en/review-company/gcl-gubinskie-centrum-logistyki-sp-z-oo.html
Girteka Logistics;info@girteka.eu;https://for-driver.info/review-company/Girteka_Logistics.html
EUROTRANS Sp. z o.o.;kontakt@euro-trans.pl;https://for-driver.info/en/review-company/EUROTRANS.html
Gdyński Transport Kontenerowy Sp. z o.o.;gtktransport@gtktransport.pl;https://for-driver.info/en/review-company/gdynski-transport-kontenerowy-sp-z-oo.html
RTG LOGISTICS;rtg.logistics@wp.pl;https://for-driver.info/en/review-company/RTG-LOGISTICS.html
OLITRANS;biuro@olitrans.com.pl;https://for-driver.info/en/review-company/OLITRANS.html
Frio Logistica Soluciones SL Sp. z o.o.;office@friolog.es;https://for-driver.info/en/review-company/frio-logistica-soluciones-sl-sp-z-oo.html
ROVESA TRANSPORT;grzegorczykr@wp.pl;https://for-driver.info/en/review-company/ROVESA-TRANSPORT.html
Imperial Trans Sp. z o.o.;office@imperialtrans.pl;https://for-driver.info/en/review-company/imperial-trans-sp-z-oo.html
Girteka Logistics;info@girteka.eu;https://for-driver.info/review-company/Girteka_Logistics.html
Cobalt Trans sp. z o.o.;biuro@cobalttrans.pl;https://for-driver.info/en/review-company/cobalt-trans-sp-z-oo.html
Niko-Blan Marcin Szwagrzak;marcin-szwagrzak@wp.pl;https://for-driver.info/en/review-company/niko-blan-marcin-szwagrzak.html
HOYER Polska;hoyer.polska@hoyer-group.com;https://for-driver.info/en/review-company/HOYER-Polska.html
INTERCARGO Jędrzej Nowak;biuro@inter-go.pl;https://for-driver.info/en/review-company/INTERCARGO-Jędrzej-Nowak.html
Wiesław Drzyzguła Transport;;https://for-driver.info/en/review-company/wieslaw-drzyzgula-transport.html
EUROHOL Robert Pawłowski;eurohol@wp.pl;https://for-driver.info/en/review-company/EUROHOL-Robert-Pawłowski.html
Fikro Maciej Kropiwiec;alan.filiczak@fikro.eu;https://for-driver.info/en/review-company/fikro-maciej-kropiwiec.html
Girteka Logistics;info@girteka.eu;https://for-driver.info/review-company/Girteka_Logistics.html
Lexmar;lexmar@lexmar.pl;https://for-driver.info/en/review-company/Lexmar.html
Bartłomiej Wędzikowski;biuro@wedzikowski.pl;https://for-driver.info/en/review-company/Bartłomiej-Wędzikowski.html
KRAP Antczak Krzysztof;biuro@tc-krap.pl;https://for-driver.info/en/review-company/KRAP-Antczak-Krzysztof.html
Świrniak & Syn TRANSPORT;swirniak@swirniak.pl;https://for-driver.info/en/review-company/Świrniak-&-Syn-TRANSPORT.html
Eko-Trans Spółka Jawna;biuro@eko-trans.com.pl;https://for-driver.info/en/review-company/Eko-Trans-Spółka-Jawna.html
Cobalt Trans sp. z o.o.;biuro@cobalttrans.pl;https://for-driver.info/en/review-company/cobalt-trans-sp-z-oo.html
Niko-Blan Marcin Szwagrzak;marcin-szwagrzak@wp.pl;https://for-driver.info/en/review-company/niko-blan-marcin-szwagrzak.html
Girteka Logistics;info@girteka.eu;https://for-driver.info/review-company/Girteka_Logistics.html
Cargo Trans Elżbieta Formella;biuro@cargo-trans.biz;https://for-driver.info/en/review-company/cargo-trans-elzbieta-formella.html
ATRANS GRZEGORZ WOŹNIAK;biuro@a-trans.eu;https://for-driver.info/en/review-company/ATRANS-GRZEGORZ-WOŹNIAK.html
GOMOLA TRANS;mateusz@gomolatrans.pl;https://for-driver.info/en/review-company/GOMOLA-TRANS.html
EURO-TRANSPORT Jarosław Sowul;info@eurotransport.suwalki.pl;https://for-driver.info/en/review-company/EURO-TRANSPORT-Jarosław-Sowul.html
Agatka;biuro@transportbielsko.pl;https://for-driver.info/en/review-company/Agatka.html
Max-Med Transport & Spedition;office@maxmedtransport.pl;https://for-driver.info/en/review-company/max-med-transport-spedition.html
Spedycja Pawbud;rrzaca@spedycjapawbud.com.pl;https://for-driver.info/en/review-company/Spedycja-Pawbud.html
Girteka Logistics;info@girteka.eu;https://for-driver.info/review-company/Girteka_Logistics.html
Golden Logistic;aleksandra@goldenlogistic.pl;https://for-driver.info/en/review-company/Golden-Logistic.html
ELJOT;info@eljot.eu;https://for-driver.info/en/review-company/ELJOT.html
TRANS - PLICH Michał Plich;;https://for-driver.info/en/review-company/trans-plich-michal-plich.html
BRAWO-TRANS;draiver1@interia.pl;https://for-driver.info/en/review-company/BRAWO-TRANS.html
ATL-Sped;atl@post.pl;https://for-driver.info/en/review-company/ATL-Sped.html
MICHTRANS;wojciech.m@michtrans.com.pl;https://for-driver.info/en/review-company/MICHTRANS.html
Weltrans - transport HDS;zamowienia@weltrans.pl;https://for-driver.info/en/review-company/Weltrans---transport-HDS.html
Girteka Logistics;info@girteka.eu;https://for-driver.info/review-company/Girteka_Logistics.html
MKM Logistics Sp. z o.o.;info@mkmlogistics.eu;https://for-driver.info/en/review-company/mkm-logistics-sp-z-oo.html
AKJ Transport Jan Kwiatkowski;transport.akj@gmail.com;https://for-driver.info/en/review-company/AKJ-Transport-Jan-Kwiatkowski.html
Rt-Trans;rttrans@rt-trans.pl;https://for-driver.info/en/review-company/Rt-Trans.html
CMOL- FRUT Stefan Wrzask;cmolfrut@cmol-frut.com.pl;https://for-driver.info/en/review-company/CMOL--FRUT-Stefan-Wrzask.html
Mango Transport Sp. z o.o.;;https://for-driver.info/en/review-company/mango-transport-sp-z-oo.html
AGRO-TRANS Paweł Sylwestrzak;biuro@agrotrans.net.pl;https://for-driver.info/en/review-company/AGRO-TRANS-Paweł-Sylwestrzak.html
Transport Mirosław Jedut;transport@jedut.com.pl;https://for-driver.info/en/review-company/Transport-Mirosław-Jedut.html
Girteka Logistics;info@girteka.eu;https://for-driver.info/review-company/Girteka_Logistics.html
Grupa Tobi;biuro@grupatobi.pl;https://for-driver.info/en/review-company/grupa-tobi.html
Small Truck Łukasz Szulc;;https://for-driver.info/en/review-company/small-truck-lukasz-szulc.html
Gometal;transport@gometal.eu;https://for-driver.info/en/review-company/Gometal.html
Stanisław Adamczyk;transport.adamczyk@wp.pl;https://for-driver.info/en/review-company/Stanisław-Adamczyk.html
AGRO-ZBYT ZBIGNIEW TRACZ;tracz.zbigniew@gmail.com;https://for-driver.info/en/review-company/AGRO-ZBYT-ZBIGNIEW-TRACZ.html
Rotrans Cybinka Sp. z o.o.;;https://for-driver.info/en/review-company/rotrans-cybinka-sp-z-oo.html
Impeks;info@impeks.com.pl;https://for-driver.info/en/review-company/Impeks-.html
Girteka Logistics;info@girteka.eu;https://for-driver.info/review-company/Girteka_Logistics.html
ZBIGNIEW RATAJCZAK Transport;;https://for-driver.info/en/review-company/ZBIGNIEW-RATAJCZAK-Transport.html
Partner Trans;transport@partner-trans.com;https://for-driver.info/en/review-company/Partner-Trans.html
VS Transport Sp. z o.o.;biuro@vstransport.pl;https://for-driver.info/en/review-company/vs-transport-sp-z-oo.html
Sped Partner;biuro@spedpartner.pl;https://for-driver.info/en/review-company/Sped-Partner.html
BURIAN Transport Logistic;poczta@burian.com.pl;https://for-driver.info/en/review-company/BURIAN-Transport-Logistic.html
TRANSPORT FIDO;transportfido@wp.pl;https://for-driver.info/en/review-company/transport-fido.html
AN-BET;an.bet@vp.pl;https://for-driver.info/en/review-company/AN-BET.html
Girteka Logistics;info@girteka.eu;https://for-driver.info/review-company/Girteka_Logistics.html
Ambro Logistics Sp. z o.o.;biuro@ambro.eu;https://for-driver.info/en/review-company/Ambro-Logistics-Sp-zoo.html
BACZ-TRANS Andrzej Bączyk;biuro@bacztrans.pl;https://for-driver.info/en/review-company/BACZ-TRANS-Andrzej-Bączyk.html
AAL Transport;biuro@aaltransport.pl;https://for-driver.info/en/review-company/AAL-Transport.html
Persimmon Trans Sp. z o.o.;info@persimmontrans.pl;https://for-driver.info/en/review-company/persimmon-trans-sp-z-oo.html
MMPJ Sp. z o.o.;office@mmpj.com.pl;https://for-driver.info/en/review-company/MMPJ-Sp-zoo.html
Transannaberg sp. z o.o.;sekretariat@transannaberg.pl;https://for-driver.info/en/review-company/Transannaberg.html
PHU Wiesław Arendarski;biuro@arendarski.eu;https://for-driver.info/en/review-company/phu-wiesław-arendarski.html
Girteka Logistics;info@girteka.eu;https://for-driver.info/review-company/Girteka_Logistics.html
ITC Holland Transport B.V.;info@itcholland.nl;https://for-driver.info/en/review-company/itc-holland-transport-bv.html
Maripol Sp. z o.o.;info@maripol.pl;https://for-driver.info/en/review-company/Maripol.html
Diamond Quality sp. z o.o;;https://for-driver.info/en/review-company/diamond-quality-sp-z-oo.html
Speed-Trans Wojciech Galara;dispo@speed-trans.biz;https://for-driver.info/en/review-company/Speed-Trans-Wojciech-Galara.html
Panczo - Transport & Forwardig Services;panczo@panczo.eu;https://for-driver.info/en/review-company/panczo-transport-forwardig-services.html
Aletrans UAB;;https://for-driver.info/en/review-company/Aletrans-UAB.html
MĄDEL Transport Adrian Mądel;k7.madel@gmail.com;https://for-driver.info/en/review-company/madel-transport-adrian-madel.html
Girteka Logistics;info@girteka.eu;https://for-driver.info/review-company/Girteka_Logistics.html
Fiording Sp. z o.o.;;https://for-driver.info/en/review-company/fiording-sp-z-oo.html
TYLUŚ Transport;mariusz.tylus@tylus.pl;https://for-driver.info/en/review-company/TYLUŚ-Transport.html
Trans-Chem;biuro@trans-chem.net;https://for-driver.info/en/review-company/Trans-Chem.html
SPEED TRANS;kontakt@speedns.pl;https://for-driver.info/en/review-company/SPEED-TRANS.html
Avelog Sp. z o.o.;avelogspzoo@gmail.com;https://for-driver.info/en/review-company/avelog-sp-z-oo.html
RAFKO Transport;rafalkotow@vp.pl;https://for-driver.info/en/review-company/RAFKO-Transport.html
A&Z Transport-Logistytka;biuro@az-transport.pl;https://for-driver.info/en/review-company/A&Z-Transport-Logistytka.html
Girteka Logistics;info@girteka.eu;https://for-driver.info/review-company/Girteka_Logistics.html
Trimex Solution Sp. z o.o.;office@trimexs.pl;https://for-driver.info/en/review-company/trimex-solution-sp-z-oo.html
AGADOS Cezary Niewiatowski;c.niewiatowski@ptmtransport.pl;https://for-driver.info/en/review-company/AGADOS-Cezary-Niewiatowski.html
Cargo Trucking Sp. z o.o.;;https://for-driver.info/en/review-company/cargo-trucking-sp-z-oo.html
Jerzak Trans;biuro@jerzaktrans.pl;https://for-driver.info/en/review-company/Jerzak-Trans.html
P.P.H.U. TUREX S.C.;turex28@wp.pl;https://for-driver.info/en/review-company/pphu-turex-sc.html
Adam Bożek Trans-Boss Firma Transportowa;trans-boss@wp.pl;https://for-driver.info/en/review-company/adam-bozek-trans-boss-firma-transportowa.html
GABER SPEDYCJA;gaber@gaber.pl;https://for-driver.info/en/review-company/GABER-SPEDYCJA.html
Girteka Logistics;info@girteka.eu;https://for-driver.info/review-company/Girteka_Logistics.html
SAS Transport Mirosława Muszyńska;miramusz@wp.pl;https://for-driver.info/en/review-company/SAS-Transport-Mirosława-Muszyńska.html
Katex Transport;biuro@katex.net;https://for-driver.info/en/review-company/Katex-Transport.html
Bitum Logistic;SEKRETARIAT@BITUM-LOGISTIC.PL;https://for-driver.info/en/review-company/Bitum-Logistic.html
SPEED Group;biuro@speed-group.eu;https://for-driver.info/en/review-company/speed-group.html
OPT Logistic;biuro@optlogistic.pl;https://for-driver.info/en/review-company/OPT-Logistic.html
Rey Cargo sp. z o.o.;transport@reycargo.com;https://for-driver.info/en/review-company/rey-cargo-sp-z-oo.html
MP-TRANS PIOTR KONOPA;piotr.konopa@mp-trans.net;https://for-driver.info/en/review-company/MP-TRANS-PIOTR-KONOPA.html
Girteka Logistics;info@girteka.eu;https://for-driver.info/review-company/Girteka_Logistics.html
Bimos transport;transport@bimos.pl;https://for-driver.info/en/review-company/Bimos-transport.html
Sawtrans Grzegorz Sawicki;;https://for-driver.info/en/review-company/sawtrans-grzegorz-sawicki.html
MONTEMO;biuro@montemo.pl;https://for-driver.info/en/review-company/MONTEMO.html
TRANS-GUZIK;trans-guzik@o2.pl;https://for-driver.info/en/review-company/TRANS-GUZIK.html
Mirosław Rojda PHU;;https://for-driver.info/en/review-company/miroslaw-rojda-phu.html
LITWIŃSKI Transport;litwinski@litwinski.pl;https://for-driver.info/en/review-company/LITWIŃSKI-Transport.html
FRIGO SPEED;biuro@frigospeed.pl;https://for-driver.info/en/review-company/FRIGO-SPEED.html
Girteka Logistics;info@girteka.eu;https://for-driver.info/review-company/Girteka_Logistics.html
Panczo - Transport & Forwardig Services;panczo@panczo.eu;https://for-driver.info/en/review-company/panczo-transport-forwardig-services.html
Aletrans UAB;;https://for-driver.info/en/review-company/Aletrans-UAB.html
MĄDEL Transport Adrian Mądel;k7.madel@gmail.com;https://for-driver.info/en/review-company/madel-transport-adrian-madel.html
MGM-TRANSPORT Marcin Mozgawa;biuro@mgmtransport.com.pl;https://for-driver.info/en/review-company/MGM-TRANSPORT-Marcin-Mozgawa.html
Argman;dispo@argman.cz;https://for-driver.info/en/review-company/Argman.html
Raddes-Partners Rafał Wielochowski;biuro@raddes-partners.com;https://for-driver.info/en/review-company/raddes-partners-rafal-wielochowski.html
Gettransport;krakow@gettransport.pl;https://for-driver.info/en/review-company/Gettransport.html
Girteka Logistics;info@girteka.eu;https://for-driver.info/review-company/Girteka_Logistics.html
Martex Tomasz Mazur;biuro@martex-transport.pl;https://for-driver.info/en/review-company/martex-tomasz-mazur.html
Jurczak Transport;biuro@jurczak.com.pl;https://for-driver.info/en/review-company/Jurczak-Transport.html
PHU PC Paweł Czerwiński;;https://for-driver.info/en/review-company/phu-pc-pawel-czerwinski.html
ALG-POL Sp. z o.o.;biuro@algpol.pl;https://for-driver.info/en/review-company/ALG-POL-Sp-zoo.html
Transunique Sp. z o.o.;spedycja@transunique.eu;https://for-driver.info/en/review-company/transunique-sp-z-oo.html
DOMENA LOGISTYKA T.Kacprzyk;info@domenalogistyka.pl;https://for-driver.info/en/review-company/domena-logistyka-t-kacprzyk.html
ALTA-TRANS;biuro@alta-trans.pl;https://for-driver.info/en/review-company/ALTA-TRANS.html
Girteka Logistics;info@girteka.eu;https://for-driver.info/review-company/Girteka_Logistics.html
Grzegorz Ostrysz Usługi Transportowe;ostrysz1972@wp.pl;https://for-driver.info/en/review-company/Grzegorz-Ostrysz.html
PHENIX Sp. Z o.o.;kontakt@phenix-sped.eu;https://for-driver.info/en/review-company/PHENIX.html
Rola-Trans;biuro@rola-trans.com;https://for-driver.info/en/review-company/rola-trans.html
RIkhom Transport;rikhom.pl@gmail.com;https://for-driver.info/en/review-company/RIkhom-Transport.html
Trans-Sped Jan Jabłoński;biuro@trans-sped.com.pl;https://for-driver.info/en/review-company/trans-sped-jan-jablonski.html
Zasada Trans;info@zasadatrans.pl;https://for-driver.info/en/review-company/Zasada-Trans.html
SPEDIVIA Majewski Grzegorz;info@spedivia.pl;https://for-driver.info/en/review-company/spedivia-majewski-grzegorz.html
Girteka Logistics;info@girteka.eu;https://for-driver.info/review-company/Girteka_Logistics.html
TTD MICHALIK;biuro@transport-michalik.pl;https://for-driver.info/en/review-company/TTD-MICHALIK.html
Meliorex;biuro@meliorex.pl;https://for-driver.info/en/review-company/meliorex.html
Imbex Kobiereccy;imbex@imbex.pl;https://for-driver.info/en/review-company/Imbex-Kobiereccy.html
Zbych-Trans Zbigniew Teszbir;zbych_trans@op.pl;https://for-driver.info/en/review-company/Zbych-Trans-Zbigniew-Teszbir.html
Transbud Plus sp. z.o.o;spedycja@transbudgroup.pl;https://for-driver.info/en/review-company/transbud-plus-sp-zoo.html
ATEST transport;zbyszek-atest@o2.pl;https://for-driver.info/en/review-company/ATEST-transport.html
Ali-Woj-Trans Sp. z o.o.;biuro@aliwojtrans.pl;https://for-driver.info/en/review-company/ali-woj-trans-sp-z-oo.html
Girteka Logistics;info@girteka.eu;https://for-driver.info/review-company/Girteka_Logistics.html
MB4YOU sp. Z o.o.;biuro@mb4you.pl;https://for-driver.info/en/review-company/mb4you-sp-z-oo.html
ATT Logistics;office@attlogistics.eu;https://for-driver.info/en/review-company/ATT-Logistics.html
Sław-Trans;contact@slaw-trans.com;https://for-driver.info/en/review-company/Sław-Trans.html
BADORA;biuro@badora.com.pl;https://for-driver.info/en/review-company/BADORA.html
Den Hartogh Poland;logistics@denhartogh.com;https://for-driver.info/en/review-company/Den-Hartogh-Poland.html
Bałtyk-Transport;biuro@baltyktransport.pl;https://for-driver.info/en/review-company/Bałtyk-Transport.html
Avilog Polska;kontakt@avilogpolska.com;https://for-driver.info/en/review-company/Avilog-Polska.html
Girteka Logistics;info@girteka.eu;https://for-driver.info/review-company/Girteka_Logistics.html
P.T.U. CARGO PLUS;biuro@cargoplus.pl;https://for-driver.info/en/review-company/CARGO-PLUS.html
TRANSEXPRESS Dąbrowska Justyna;biuro@transexpress.net.pl;https://for-driver.info/en/review-company/TRANSEXPRESS-Dąbrowska-Justyna.html
Usługi Transportowe Wojciech Bednarski;;https://for-driver.info/en/review-company/Wojciech-Bednarsk.html
RENEX;;https://for-driver.info/en/review-company/RENEX.html
Anna Nocoń Ter-Pol;terpol62@wp.pl;https://for-driver.info/en/review-company/anna-nocon-ter-pol.html
AREN-SPED Robert Wrona;sekretariat@arensped.pl;https://for-driver.info/en/review-company/AREN-SPED-Robert-Wrona.html
Werba-Trans;biuro@werba-trans.pl;https://for-driver.info/en/review-company/Werba-Trans.html
Girteka Logistics;info@girteka.eu;https://for-driver.info/review-company/Girteka_Logistics.html
AMM TRANSPORT;;https://for-driver.info/en/review-company/AMM-TRANSPORT.html
T-Project;zarzad@t-project.pl;https://for-driver.info/en/review-company/T-Project.html
Skan Transport;biuro@skantransport.eu;https://for-driver.info/en/review-company/Skan-Transport.html
Wolf-Trans Wilczek Grzegorz;;https://for-driver.info/en/review-company/wolf-trans-wilczek-grzegorz.html
Yako Apricus Sp. z o.o.;info@yakoapricus.com;https://for-driver.info/en/review-company/yako-apricus-sp-z-oo.html
AidaTrans;biuro@aidatrans.pl;https://for-driver.info/en/review-company/AidaTrans.html
Bogdan DRZYZGA;damian.stosur@drzyzga.com.pl;https://for-driver.info/en/review-company/Bogdan-DRZYZGA.html
Girteka Logistics;info@girteka.eu;https://for-driver.info/review-company/Girteka_Logistics.html
VKL WEST SP. Z O.O.;;https://for-driver.info/en/review-company/vkl-west-sp-z-oo.html
Marbel Marek Król;;https://for-driver.info/en/review-company/marbel-marek-krol.html
Ts Express Sp. z o.o.;office@tsexpress.pl;https://for-driver.info/en/review-company/ts-express-sp-z-oo.html
ZEWA - TRANS;zewatrans@wp.pl;https://for-driver.info/en/review-company/ZEWA---TRANS.html
AMG Liquids;amg@amgliquids.eu;https://for-driver.info/en/review-company/AMG-Liquids.html
S.K.Y Cargo Sp. z o.o.;sky.trustcargo@gmail.com;https://for-driver.info/en/review-company/SKY-Cargo-Sp-zoo.html
POLSKI TRANSPORT CIĘŻAROWY;ptc@ptcspedycja.eu;https://for-driver.info/en/review-company/POLSKI-TRANSPORT-CIĘŻAROWY.html
Girteka Logistics;info@girteka.eu;https://for-driver.info/review-company/Girteka_Logistics.html
B&J Auto Transport;krzysztof.waszkowski@bjtrans.pl;https://for-driver.info/en/review-company/B&J-Auto-Transport.html
Europol Marek Czopek;transport_mc@poczta.fm;https://for-driver.info/en/review-company/Europol-Marek-Czopek.html
Mostva;mostva@mostva.com.pl;https://for-driver.info/en/review-company/Mostva.html
Trans Expres S.C. K.K.A Siekierscy;transexpres3@o2.pl;https://for-driver.info/en/review-company/trans-expres-sc-kka-siekierscy.html
MaxiTruck Robert Tomaszewski;kontakt@maxitruck.pl;https://for-driver.info/en/review-company/maxitruck-robert-tomaszewski.html
Prawdzik Transport;utprawdzik@gmail.com;https://for-driver.info/en/review-company/Prawdzik-Transport.html
FHU POL-SPEED Paweł Witkowski;biuro@pol-speed.com.pl;https://for-driver.info/en/review-company/fhu-pol-speed-pawel-witkowski.html
Girteka Logistics;info@girteka.eu;https://for-driver.info/review-company/Girteka_Logistics.html
TRANS-DAN;transdan@transdan.pl;https://for-driver.info/en/review-company/TRANS-DAN.html
Jan Bartkowiak Transport;mtdjanbartkowiak@post.pl;https://for-driver.info/en/review-company/jan-bartkowiak-transport.html
Kajot Transport Krzysztof Jackiewicz;phukajot@onet.pl;https://for-driver.info/en/review-company/Kajot-Transport.html
Mega Trans Artur Wasiak;;https://for-driver.info/en/review-company/Mega-Trans-Artur-Wasiak.html
PTZ Stefan Dynerowicz;biuro@dynerowicz.com.pl;https://for-driver.info/en/review-company/ptz-stefan-dynerowicz.html
MTD BUTKIEWICZ;office@mtdbutkiewicz.pl;https://for-driver.info/en/review-company/MTD-BUTKIEWICZ.html
KalCargo Wojciech Kaliszewski;kalcargo@kalcargo.pl;https://for-driver.info/en/review-company/kalcargo-wojciech-kaliszewski.html
Girteka Logistics;info@girteka.eu;https://for-driver.info/review-company/Girteka_Logistics.html
Avilog Polska;kontakt@avilogpolska.com;https://for-driver.info/en/review-company/Avilog-Polska.html
TransportMania;agnieszkajozwiak@transportmania.pl;https://for-driver.info/en/review-company/TransportMania.html
TKTM SP. Z O.O.;kontakt@tktm.pl;https://for-driver.info/en/review-company/tktm-sp-z-oo.html
DVL Trans Sp. z o.o.;dvl.order@gmail.com;https://for-driver.info/en/review-company/dvl-trans-sp-z-oo.html
BEDDAR LOGISTIC;;https://for-driver.info/en/review-company/BEDDAR-LOGISTIC.html
GTI LOGISTIK;info@gti-logistik.com;https://for-driver.info/en/review-company/GTI-LOGISTIK.html
BLM Express Sp. z o.o.;transport@blmlogistics.eu;https://for-driver.info/en/review-company/blm-express-sp-z-oo.html
Girteka Logistics;info@girteka.eu;https://for-driver.info/review-company/Girteka_Logistics.html
Van der Vlist Polen;info@vandervlist.com;https://for-driver.info/en/review-company/Van-der-Vlist-Polen.html
DAKAR–TRANS;biuro@dakar-trans.pl;https://for-driver.info/en/review-company/DAKAR–TRANS.html
MW MICHAŁ WARSZAWSKI;m.warszawski@mwtransport.pl;https://for-driver.info/en/review-company/MW-MICHAŁ-WARSZAWSKI.html
Jkp S.C. Krzysztof Świta;;https://for-driver.info/en/review-company/Jkp-S-C--Krzysztof-Świta.html
Axis Logistics Sp.z o.o.;biuro@axislogistics.pl;https://for-driver.info/en/review-company/Axis-Logistics.html
Metafora Tsl Marta Jankowiak;martajankowiak89@wp.pl;https://for-driver.info/en/review-company/metafora-tsl-marta-jankowiak.html
NEW TRANS JUSTYNA JASIŃSKA;;https://for-driver.info/en/review-company/NEW-TRANS-JUSTYNA-JASIŃSKA.html
Girteka Logistics;info@girteka.eu;https://for-driver.info/review-company/Girteka_Logistics.html
B10;biuro@b10.com.pl;https://for-driver.info/en/review-company/B10.html
JAMOX-TRANS Sp. z o.o.;biuro@jamox.eu;https://for-driver.info/en/review-company/jamox-trans-sp-z-oo.html
Optimus Transport;szewcmaciej@o2.pl;https://for-driver.info/en/review-company/Optimus-Transport.html
Green Way Transport;office@greenwaytransport.eu;https://for-driver.info/en/review-company/Green-Way-Transport.html
SOBSEN USŁUGI TRANSPORTOWE;sobsen@wp.pl;https://for-driver.info/en/review-company/SOBSEN-USŁUGI-TRANSPORTOWE.html
Hubert Trans Sp. z o.o.;hubert.trans@lublin.home.pl;https://for-driver.info/en/review-company/hubert-trans-sp-z-oo.html
Ebrex Polska;ameijer@ebrexpolska.pl;https://for-driver.info/en/review-company/Ebrex-Polska.html
Girteka Logistics;info@girteka.eu;https://for-driver.info/review-company/Girteka_Logistics.html
FHU Markus;biuro@fhumarkus.pl;https://for-driver.info/en/review-company/FHU-Markus.html
PHTS Serafin Sp. z o.o.;biuro@phts-serafin.pl;https://for-driver.info/en/review-company/phts-serafin-sp-z-oo.html
Agro-Top;agro-top@agro-top.com.pl;https://for-driver.info/en/review-company/Agro-Top.html
ITT LOGISTIK;biuro@ittlogistik.pl;https://for-driver.info/en/review-company/ITT-LOGISTIK.html
KLEIBER Transport Sp. z o.o.;kontakt@kleiber-transport.pl;https://for-driver.info/en/review-company/kleiber-transport-sp-z-oo.html
Onyx Profitrans;onyx.trans@mail.ru;https://for-driver.info/en/review-company/Onyx-Profitrans.html
OL-TRANS Transport i Spedycja;spedycja@ol-trans.pl;https://for-driver.info/en/review-company/OL-TRANS.html
Girteka Logistics;info@girteka.eu;https://for-driver.info/review-company/Girteka_Logistics.html
AG-TRANS Spółka z o.o.;info@agtrans.pl;https://for-driver.info/en/review-company/ag-trans-spółka-zoo.html
Dart-Trans;darttrans@wp.pl;https://for-driver.info/en/review-company/Dart-Trans.html
Artrans Arkadiusz Janasz;fhuartrans@gmail.com;https://for-driver.info/en/review-company/Artrans-Arkadiusz-Janasz.html
STEFAR;joanna.kwak@stefar.pl;https://for-driver.info/en/review-company/STEFAR.html
IGOMA TSL Klaudia Wrona;;https://for-driver.info/en/review-company/igoma-tsl-klaudia-wrona.html
Grzegorz Ostrysz Usługi Transportowe;ostrysz1972@wp.pl;https://for-driver.info/en/review-company/Grzegorz-Ostrysz.html
PHENIX Sp. Z o.o.;kontakt@phenix-sped.eu;https://for-driver.info/en/review-company/PHENIX.html
Girteka Logistics;info@girteka.eu;https://for-driver.info/review-company/Girteka_Logistics.html
GO-TRANS;edyta.jonca@go-trans.pl;https://for-driver.info/en/review-company/GO-TRANS.html
MAG-MA;info@mag-ma.com.pl;https://for-driver.info/en/review-company/MAG-MA.html
Petra Trans;biuro@petratrans.pl;https://for-driver.info/en/review-company/Petra-Trans.html
A&D TRANS DARIUSZ SZYDŁOWSKI;info@a-dtrans.pl;https://for-driver.info/en/review-company/A&D-TRANS-DARIUSZ-SZYDŁOWSKI.html
RubinTrans;transport@rubintrans.eu;https://for-driver.info/en/review-company/RubinTrans.html
SEDICO Logistics Sp. z o.o.;info@sedico.pl;https://for-driver.info/en/review-company/sedico-logistics-sp-z-oo.html
DARIUSZ SZLACHCIAK TRANSPORT;dariusz.szlachciak@wp.pl;https://for-driver.info/en/review-company/DARIUSZ-SZLACHCIAK-TRANSPORT.html
Girteka Logistics;info@girteka.eu;https://for-driver.info/review-company/Girteka_Logistics.html
Shustoff Sp. z o.o.;;https://for-driver.info/en/review-company/shustoff-sp--z-o-o-.html
Paul Schockemoehle Logistics Polska Sp. z o.o.;biuro@schockemoehle.de;https://for-driver.info/en/review-company/paul-schockemoehle-polska-sp-z-oo.html
RETOS TRANSPORT;technical@retos.pl;https://for-driver.info/en/review-company/RETOS-TRANSPORT.html
LEW-TRANS Renata Lewandowska;transport@lewtrans.eu;https://for-driver.info/en/review-company/lew-trans-renata-lewandowska.html
TRANS-KRUSZ;biuro@transkrusz.pl;https://for-driver.info/en/review-company/TRANS-KRUSZ.html
F&T Logistics Sp. z o.o.;info@ftlogistics.pl;https://for-driver.info/en/review-company/ft-logistics-sp-z-oo.html
XL LOGISTICS;xl-logistics@xl-logistics.pl;https://for-driver.info/en/review-company/XL-LOGISTICS.html
Girteka Logistics;info@girteka.eu;https://for-driver.info/review-company/Girteka_Logistics.html
TS Transport Service;centrala@transportservice.pl;https://for-driver.info/en/review-company/TS-Transport-Service.html
NET Transport i Spedycja;biuro@netfor.pl;https://for-driver.info/en/review-company/NET-Transport-i-Spedycja.html
Trans Europe Grzegorz Łoboda;info@transeurope.pl;https://for-driver.info/en/review-company/Trans-Europe-Grzegorz-Łoboda.html
V-Logistics Sp. z o.o.;biuro@v-logistics.pl;https://for-driver.info/en/review-company/v-logistics-sp-z-oo.html
PPHU Apple-Trans Mateusz Kusiak;;https://for-driver.info/en/review-company/pphu-apple-trans-mateusz-kusiak.html
TVM Transport & Logistics sp. z o.o.;transport@tvm.net.pl;https://for-driver.info/en/review-company/tvm-transport-logistics-sp-z-oo.html
Danio-Trans Daniel Kowalski;danio-trans@wp.pl;https://for-driver.info/en/review-company/Danio-Trans-Daniel-Kowalski.html
Girteka Logistics;info@girteka.eu;https://for-driver.info/review-company/Girteka_Logistics.html
JW Transport Jarosław Warchlewski;;https://for-driver.info/en/review-company/jw-transport-jaroslaw-warchlewski.html
DUDI RAFAŁ DUDKOWSKI;INFO@PHUDUDI.PL;https://for-driver.info/en/review-company/DUDI-RAFAŁ-DUDKOWSKI.html
Aldaro Robert Sadowski;aldaro@vp.pl;https://for-driver.info/en/review-company/aldaro-robert-sadowski.html
TRANS-STAR s.c.;biuro@transstar.pl;https://for-driver.info/en/review-company/TRANS-STAR-sc.html
KOLARZ TRANS;kolarzjacek@gmail.com;https://for-driver.info/en/review-company/KOLARZ-TRANS.html
ESTE Logistics Sp. z o.o.;office@este-logistics.com;https://for-driver.info/en/review-company/ESTE-Logistics.html
Transload Logistics;biuro@transloadlogistics.pl;https://for-driver.info/en/review-company/Transload-Logistics.html
Girteka Logistics;info@girteka.eu;https://for-driver.info/review-company/Girteka_Logistics.html
3M Logistics;info@3mlogistics.eu;https://for-driver.info/en/review-company/3M-Logistics.html
AG Trans Grzegorz Charchut;biuro@ag-trans.pl;https://for-driver.info/en/review-company/AG-Trans-Grzegorz-Charchut.html
EURO-EXPRES Michał Malinowski;michal.malinowski@euro-expres.pl;https://for-driver.info/en/review-company/euro-expres-michal-malinowski.html
B+K Transport i Spedycja;grodzisk@bplusk.pl;https://for-driver.info/en/review-company/B+K-Transport-i-Spedycja.html
Wip-Trans Plus Sp. z o.o.;info@wiptrans.pl;https://for-driver.info/en/review-company/wip-trans-plus-sp-z-oo.html
M&W Spedition;transport@mw-spedition.com;https://for-driver.info/en/review-company/M&W-Spedition.html
Tedpol Sp. z o.o.;pawel.biernacki@tedpol.eu;https://for-driver.info/en/review-company/tedpol-sp-z-oo.html
Girteka Logistics;info@girteka.eu;https://for-driver.info/review-company/Girteka_Logistics.html
Picars Maciej Pituch Sp. k.;biuro@picars.pl;https://for-driver.info/en/review-company/picars-maciej-pituch-sp-k.html
Kairos Transport;info.kairos.transport@mail.ru;https://for-driver.info/en/review-company/Kairos-Transport.html
Trans Logistics Maciej Rzepecki;biuro@trans-logistics.pl;https://for-driver.info/en/review-company/trans-logistics-maciej-rzepecki.html
Paneuropa Polska;office@paneuropa.com;https://for-driver.info/en/review-company/Paneuropa-Polska.html
ALCOPPER TRANS LOGISTICS;dariusz.gawenda@alcoppertrans.com.pl;https://for-driver.info/en/review-company/ALCOPPER-TRANS-LOGISTICS.html
SPEDYCJA I TRANSPORT DRAGON;dragon@dragon.pila.pl;https://for-driver.info/en/review-company/SPEDYCJA-I-TRANSPORT-DRAGON.html
Adra Joanna Adamska;info@adralogistic.pl;https://for-driver.info/en/review-company/adra-joanna-adamska.html
Girteka Logistics;info@girteka.eu;https://for-driver.info/review-company/Girteka_Logistics.html
SPEED-TRANS;info@speed-trans.eu;https://for-driver.info/en/review-company/SPEED--TRANS.html
Rau International sp. z o.o;izabela.borowczyk@rautransport.com;https://for-driver.info/en/review-company/rau-international-sp-z-oo.html
STS Logistic;sekretariat@stslogistic.com.pl;https://for-driver.info/en/review-company/STS-Logistic.html
KALTRANS Andrzej Pakulski;kaltrans@kaltranskalisz.pl;https://for-driver.info/en/review-company/KALTRANS-Andrzej-Pakulski.html
JACEK ŁUKAWSKI JACKPOT;transportjackpot@gmail.com;https://for-driver.info/en/review-company/JACEK-ŁUKAWSKI-JACKPOT.html
Alsi Express sp. z o.o. sp. k.;alsi@alsiexpress.com;https://for-driver.info/en/review-company/alsi-express-sp-z-oo-sp-k.html
Gwarant Transport;info@gwarant-transport.com;https://for-driver.info/en/review-company/Gwarant-Transport.html
Girteka Logistics;info@girteka.eu;https://for-driver.info/review-company/Girteka_Logistics.html
BFI Sp. Z o.o. Sp. K.;hello@bfi.pl;https://for-driver.info/en/review-company/bfi-sp-z-oo-sp-k.html
Graal Wit;;https://for-driver.info/en/review-company/Graal-Wit.html
Szalkowski;biuro@szalkowski.com.pl;https://for-driver.info/en/review-company/Szalkowski.html
Daromar Sp. z o.o.;;https://for-driver.info/en/review-company/daromar-sp-z-oo.html
SAWPOL;sawpol@eu-transport.pl;https://for-driver.info/en/review-company/SAWPOL.html
ALEX-TRANSPORT;poczta@alex-transport.com.pl;https://for-driver.info/en/review-company/ALEX-TRANSPORT.html
ANNA Transport Wietrak;;https://for-driver.info/en/review-company/anna-transport-wietrak.html
Girteka Logistics;info@girteka.eu;https://for-driver.info/review-company/Girteka_Logistics.html
MAT-TRANS Mateusz Rosiński;biuro@rosinski-mattrans.com;https://for-driver.info/en/review-company/MAT-TRANS-Mateusz-Rosiński.html
LABTRANS;biuro@labtrans.pl;https://for-driver.info/en/review-company/LABTRANS.html
Z. JASKOT TRANSPORT;zjaskot@zjaskot.pl;https://for-driver.info/en/review-company/Z--JASKOT-TRANSPORT.html
RST Team;biuro@rst-team.pl;https://for-driver.info/en/review-company/RST-Team.html
Plato G.A.K. sp. j.;plato@plato.com.pl;https://for-driver.info/en/review-company/plato-gak-sp-j.html
AutoAndreas Transport;biuro@autoandreas.pl;https://for-driver.info/en/review-company/AutoAndreas-Transport.html
HTPL Sp. z o.o.;;https://for-driver.info/en/review-company/htpl-sp-z-oo.html
Girteka Logistics;info@girteka.eu;https://for-driver.info/review-company/Girteka_Logistics.html
Martrans ŁONAK MARIUSZ;biuro@martrans-dg.pl;https://for-driver.info/en/review-company/Martrans-ŁONAK-MARIUSZ.html
EUROTRANS Sp. z o.o.;kontakt@euro-trans.pl;https://for-driver.info/en/review-company/EUROTRANS.html
Gdyński Transport Kontenerowy Sp. z o.o.;gtktransport@gtktransport.pl;https://for-driver.info/en/review-company/gdynski-transport-kontenerowy-sp-z-oo.html
RTG LOGISTICS;rtg.logistics@wp.pl;https://for-driver.info/en/review-company/RTG-LOGISTICS.html
OLITRANS;biuro@olitrans.com.pl;https://for-driver.info/en/review-company/OLITRANS.html
Frio Logistica Soluciones SL Sp. z o.o.;office@friolog.es;https://for-driver.info/en/review-company/frio-logistica-soluciones-sl-sp-z-oo.html
ROVESA TRANSPORT;grzegorczykr@wp.pl;https://for-driver.info/en/review-company/ROVESA-TRANSPORT.html
Girteka Logistics;info@girteka.eu;https://for-driver.info/review-company/Girteka_Logistics.html
Ganex Trans Sp. z o.o.;info@ganex-group.com;https://for-driver.info/en/review-company/ganex-trans-sp-z-oo.html
Nf Transport Sp. z o.o.;;https://for-driver.info/en/review-company/Nf-Transport-Sp-zoo.html
Aneltrans;buiro@aneltrans.pl;https://for-driver.info/en/review-company/Aneltrans.html
Balticon;sales@ecocontainers.com;https://for-driver.info/en/review-company/Balticon.html
Marten Jan Kuna;kontakt@pthumarten.pl;https://for-driver.info/en/review-company/Marten-Jan-Kuna.html
KARENA S.A.;tsl@karena.pl;https://for-driver.info/en/review-company/KARENA-S-A.html
Picars Maciej Pituch Sp. k.;biuro@picars.pl;https://for-driver.info/en/review-company/picars-maciej-pituch-sp-k.html
Girteka Logistics;info@girteka.eu;https://for-driver.info/review-company/Girteka_Logistics.html
Trans Logistics Maciej Rzepecki;biuro@trans-logistics.pl;https://for-driver.info/en/review-company/trans-logistics-maciej-rzepecki.html
Paneuropa Polska;office@paneuropa.com;https://for-driver.info/en/review-company/Paneuropa-Polska.html
SPEDYCJA I TRANSPORT DRAGON;dragon@dragon.pila.pl;https://for-driver.info/en/review-company/SPEDYCJA-I-TRANSPORT-DRAGON.html
Adra Joanna Adamska;info@adralogistic.pl;https://for-driver.info/en/review-company/adra-joanna-adamska.html
Majak Trans Sp. z o.o.;info.majaktrans@mail.ru;https://for-driver.info/en/review-company/majak-trans-sp-z-oo.html
SPEED-TRANS;info@speed-trans.eu;https://for-driver.info/en/review-company/SPEED--TRANS.html
Rau International sp. z o.o;izabela.borowczyk@rautransport.com;https://for-driver.info/en/review-company/rau-international-sp-z-oo.html
Girteka Logistics;info@girteka.eu;https://for-driver.info/review-company/Girteka_Logistics.html
EMMA-TRANSPORT;kontakt@emma-transport.pl;https://for-driver.info/en/review-company/EMMA-TRANSPORT.html
Raamm Group Sp. z o.o.;biuro@raamm.pl;https://for-driver.info/en/review-company/raamm-group-sp-z-oo.html
AMPLIZ Transport;biuro@ampliz.pl;https://for-driver.info/en/review-company/AMPLIZ-Transport.html
Yellow Cargo Express;transport@yellowexpress.pl;https://for-driver.info/en/review-company/Yellow-Cargo-Express.html
MAX-POL;krakus@max-pol.biz;https://for-driver.info/en/review-company/MAX-POL.html
Konrady Sp. z o.o.;ksiegowosc@konrady.pl;https://for-driver.info/en/review-company/konrady-sp-z-oo.html
WAK TRANS;biuro@waktrans.com.pl;https://for-driver.info/en/review-company/WAK-TRANS.html
Girteka Logistics;info@girteka.eu;https://for-driver.info/review-company/Girteka_Logistics.html
Wamako;wamako@o2.pl;https://for-driver.info/en/review-company/Wamako.html
DELTA Andrzej Woroch;dispo@delta-transport.pl;https://for-driver.info/en/review-company/delta-andrzej-woroch.html
LAD Transport Rafał Skrzypczyński;office@ladtransport.com;https://for-driver.info/en/review-company/LAD-Transport-Rafał-Skrzypczyński.html
Multon Sp. z o.o.;biuro@multon.pl;https://for-driver.info/en/review-company/multon-sp-z-oo.html
Mil-Trans Miłosz Pastuszak;miltrans@vp.pl;https://for-driver.info/en/review-company/Mil-Trans-Miłosz-Pastuszak.html
Ant Logistics Sp. z o.o.;biuroantlogistics@outlook.com;https://for-driver.info/en/review-company/ant-logistics-sp-z-oo.html
LAA Trans Logistic Sp. z o.o.;;https://for-driver.info/en/review-company/laa-trans-logistic-sp-zoo.html
Girteka Logistics;info@girteka.eu;https://for-driver.info/review-company/Girteka_Logistics.html
Gałczyński Transport;galczynski-transport@wp.pl;https://for-driver.info/en/review-company/Gałczyński-Transport.html
Transad Sebastian Romaniak;biuro@transad.pl;https://for-driver.info/en/review-company/Transad-Sebastian-Romaniak.html
N Logistics;logistyka@nlogistics.pl;https://for-driver.info/en/review-company/N-Logistics.html
Cavalieri. Sujecka J.;biuro@cavalieri.pl;https://for-driver.info/en/review-company/cavalieri-sujecka-j.html
Maximus Auto;maximusauto@o2.pl;https://for-driver.info/en/review-company/Maximus-Auto.html
LT-TRANS Sp. z o.o.;office@lttrans.eu;https://for-driver.info/en/review-company/LT-TRANS.html
De Jong Special Services Sp. z o.o.;;https://for-driver.info/en/review-company/de-jong-special-services-sp-z-oo.html
Girteka Logistics;info@girteka.eu;https://for-driver.info/review-company/Girteka_Logistics.html
SPEED TRANS;kontakt@speedns.pl;https://for-driver.info/en/review-company/SPEED-TRANS.html
Avelog Sp. z o.o.;avelogspzoo@gmail.com;https://for-driver.info/en/review-company/avelog-sp-z-oo.html
RAFKO Transport;rafalkotow@vp.pl;https://for-driver.info/en/review-company/RAFKO-Transport.html
A&Z Transport-Logistytka;biuro@az-transport.pl;https://for-driver.info/en/review-company/A&Z-Transport-Logistytka.html
Fado Logistics;fadologistics@onet.pl;https://for-driver.info/en/review-company/Fado-Logistics.html
Grupa Transportowa Sp. z o.o.;sekretariat@grupatransportowa.pl;https://for-driver.info/en/review-company/grupa-transportowa-sp-zoo.html
Meridian;info@meridian24.pl;https://for-driver.info/en/review-company/Meridian.html
Girteka Logistics;info@girteka.eu;https://for-driver.info/review-company/Girteka_Logistics.html
Trans Europe Grzegorz Łoboda;info@transeurope.pl;https://for-driver.info/en/review-company/Trans-Europe-Grzegorz-Łoboda.html
V-Logistics Sp. z o.o.;biuro@v-logistics.pl;https://for-driver.info/en/review-company/v-logistics-sp-z-oo.html
PPHU Apple-Trans Mateusz Kusiak;;https://for-driver.info/en/review-company/pphu-apple-trans-mateusz-kusiak.html
TVM Transport & Logistics sp. z o.o.;transport@tvm.net.pl;https://for-driver.info/en/review-company/tvm-transport-logistics-sp-z-oo.html
Danio-Trans Daniel Kowalski;danio-trans@wp.pl;https://for-driver.info/en/review-company/Danio-Trans-Daniel-Kowalski.html
IMPET;BIURO@IMPET.BIZ;https://for-driver.info/en/review-company/IMPET.html
LGI Logistics POLSKA;info-pl@lgi.de;https://for-driver.info/en/review-company/LGI-Logistics.html
Girteka Logistics;info@girteka.eu;https://for-driver.info/review-company/Girteka_Logistics.html
Adamek;biuro@phuadamek.pl;https://for-driver.info/en/review-company/Adamek.html
PP Fracht Piotr Piekarski;piotr@ppfracht.pl;https://for-driver.info/en/review-company/pp-fracht-piotr-piekarski.html
AMC Logistic;office@amclogistic.pl;https://for-driver.info/en/review-company/AMC-Logistic.html
PIO-MAR Jacek Plasan;biuro@phupiomar.pl;https://for-driver.info/en/review-company/PIO-MAR-Jacek-Plasan.html
STT PLUS Sp.z o.o.;info@sttpl.ltd;https://for-driver.info/en/review-company/STT-PLUS-Sp-zoo.html
TSL Nordic;info@tsl-nordic.com;https://for-driver.info/en/review-company/TSL-Nordic.html
Kryspol Transport;mkryspol@gmail.com;https://for-driver.info/en/review-company/kryspol-transport.html
Girteka Logistics;info@girteka.eu;https://for-driver.info/review-company/Girteka_Logistics.html
AMG CARGO;amg@amgcargo.com;https://for-driver.info/en/review-company/amg-cargo.html
Herkules S.A.;sekretariat@herkules-polska.pl;https://for-driver.info/en/review-company/Herkules-SA.html
BRATRANS S.C.;bratrans@poczta.fm;https://for-driver.info/en/review-company/BRATRANS-SC.html
RENO-TRANS;reno-trans@reno-trans.pl;https://for-driver.info/en/review-company/RENO-TRANS.html
JMT;biuro@transjmt.pl;https://for-driver.info/en/review-company/JMT.html
IMEX TRANS;imex@imex-trans.com.pl;https://for-driver.info/en/review-company/IMEX-TRANS.html
GCL - Gubińskie Centrum Logistyki Sp. z o.o.;biuro@gclogistyki.pl;https://for-driver.info/en/review-company/gcl-gubinskie-centrum-logistyki-sp-z-oo.html
Girteka Logistics;info@girteka.eu;https://for-driver.info/review-company/Girteka_Logistics.html
Tom-Tech;office@tom-tech.pl;https://for-driver.info/en/review-company/Tom-Tech.html
NET Transport i Spedycja;biuro@netfor.pl;https://for-driver.info/en/review-company/NET-Transport-i-Spedycja.html
Trans Europe Grzegorz Łoboda;info@transeurope.pl;https://for-driver.info/en/review-company/Trans-Europe-Grzegorz-Łoboda.html
V-Logistics Sp. z o.o.;biuro@v-logistics.pl;https://for-driver.info/en/review-company/v-logistics-sp-z-oo.html
PPHU Apple-Trans Mateusz Kusiak;;https://for-driver.info/en/review-company/pphu-apple-trans-mateusz-kusiak.html
TVM Transport & Logistics sp. z o.o.;transport@tvm.net.pl;https://for-driver.info/en/review-company/tvm-transport-logistics-sp-z-oo.html
Danio-Trans Daniel Kowalski;danio-trans@wp.pl;https://for-driver.info/en/review-company/Danio-Trans-Daniel-Kowalski.html
Girteka Logistics;info@girteka.eu;https://for-driver.info/review-company/Girteka_Logistics.html
Sis Sp. z o.o.;info@sistrans.pl;https://for-driver.info/en/review-company/sis-sp-z-oo.html
KOTRANS;biuro@kotrans.net;https://for-driver.info/en/review-company/KOTRANS.html
Eurotex Sp. z o.o.;info@eurotextransport.com;https://for-driver.info/en/review-company/eurotex-sp-z-oo.html
MARCO-OIL;biuro@marco-oil.pl;https://for-driver.info/en/review-company/MARCO-OIL.html
MW EXPRESS;spedycja@mwexpress.pl;https://for-driver.info/en/review-company/MW-EXPRESS.html
Mo Sneed Transport Sp. z o.o.;;https://for-driver.info/en/review-company/mo-sneed-transport-sp-z-oo.html
AAR Polska;aar-pl@aarcompany.com;https://for-driver.info/en/review-company/AAR-Polska.html
Girteka Logistics;info@girteka.eu;https://for-driver.info/review-company/Girteka_Logistics.html
Darf Service Sp. z o.o.;;https://for-driver.info/en/review-company/darf-service-sp-z-oo.html
GŁADKITRANS Szymon Gładysiak;biuro@gladkitrans.pl;https://for-driver.info/en/review-company/gładkitrans-szymon-gładysiak.html
GREX-TRANS GRZEGORZ BIAŁOBRZEWSKI;grzegorzlucerny@onet.pl;https://for-driver.info/en/review-company/GREX-TRANS.html
Cargo Trans Elżbieta Formella;biuro@cargo-trans.biz;https://for-driver.info/en/review-company/cargo-trans-elzbieta-formella.html
ATRANS GRZEGORZ WOŹNIAK;biuro@a-trans.eu;https://for-driver.info/en/review-company/ATRANS-GRZEGORZ-WOŹNIAK.html
GOMOLA TRANS;mateusz@gomolatrans.pl;https://for-driver.info/en/review-company/GOMOLA-TRANS.html
EURO-TRANSPORT Jarosław Sowul;info@eurotransport.suwalki.pl;https://for-driver.info/en/review-company/EURO-TRANSPORT-Jarosław-Sowul.html
Girteka Logistics;info@girteka.eu;https://for-driver.info/review-company/Girteka_Logistics.html
Max-Med Transport & Spedition;office@maxmedtransport.pl;https://for-driver.info/en/review-company/max-med-transport-spedition.html
Spedycja Pawbud;rrzaca@spedycjapawbud.com.pl;https://for-driver.info/en/review-company/Spedycja-Pawbud.html
Prestige Tsl Sp. z o.o.;;https://for-driver.info/en/review-company/prestige-tsl-sp-z-oo.html
Golden Logistic;aleksandra@goldenlogistic.pl;https://for-driver.info/en/review-company/Golden-Logistic.html
ELJOT;info@eljot.eu;https://for-driver.info/en/review-company/ELJOT.html
TRANS - PLICH Michał Plich;;https://for-driver.info/en/review-company/trans-plich-michal-plich.html
BRAWO-TRANS;draiver1@interia.pl;https://for-driver.info/en/review-company/BRAWO-TRANS.html
Girteka Logistics;info@girteka.eu;https://for-driver.info/review-company/Girteka_Logistics.html
AGADOS Cezary Niewiatowski;c.niewiatowski@ptmtransport.pl;https://for-driver.info/en/review-company/AGADOS-Cezary-Niewiatowski.html
Cargo Trucking Sp. z o.o.;;https://for-driver.info/en/review-company/cargo-trucking-sp-z-oo.html
Jerzak Trans;biuro@jerzaktrans.pl;https://for-driver.info/en/review-company/Jerzak-Trans.html
P.P.H.U. TUREX S.C.;turex28@wp.pl;https://for-driver.info/en/review-company/pphu-turex-sc.html
Adam Bożek Trans-Boss Firma Transportowa;trans-boss@wp.pl;https://for-driver.info/en/review-company/adam-bozek-trans-boss-firma-transportowa.html
GABER SPEDYCJA;gaber@gaber.pl;https://for-driver.info/en/review-company/GABER-SPEDYCJA.html
tranS-Parts Sp. z o.o.;transparts75@wp.pl;https://for-driver.info/en/review-company/trans-parts-sp-z-oo.html
Girteka Logistics;info@girteka.eu;https://for-driver.info/review-company/Girteka_Logistics.html
Cuber-Trans;;https://for-driver.info/en/review-company/Cuber-Trans.html
ExpressLogic;office@expresslogic.eu;https://for-driver.info/en/review-company/ExpressLogic.html
CARGO TRANS;cargotrans@post.pl;https://for-driver.info/en/review-company/CARGO-TRANS.html
Vortex Sp. z o.o.;pelc.justyna@gmail.com;https://for-driver.info/en/review-company/vortex-sp-z-oo.html
AJ Heavy Transport;ajheavytransport@wp.pl;https://for-driver.info/en/review-company/aj-heavy-transport.html
SILO-TRANS SP. J;biuro@silo-trans.pl;https://for-driver.info/en/review-company/silo-trans-sp-j.html
F.T. Trans Bzdak Gabriel;biuro@ft-trans.pl;https://for-driver.info/en/review-company/F-T--Trans-Bzdak-Gabriel.html
Girteka Logistics;info@girteka.eu;https://for-driver.info/review-company/Girteka_Logistics.html
S-TRANSPORT;biuro@s-transport.pl;https://for-driver.info/en/review-company/S-TRANSPORT.html
A.JEZIERSKI Sp. z o.o.;office@ajezierski.com;https://for-driver.info/en/review-company/ajezierski-sp-z-oo.html
PTC Marek Choma;biuro@ptc-choma.pl;https://for-driver.info/en/review-company/PTC-Marek-Choma.html
MJ Trans Jarosław Horaczek;jaroslaw.horaczek@mj-trans.pl;https://for-driver.info/en/review-company/MJ-Trans-Jarosław-Horaczek.html
Tom-Tech;office@tom-tech.pl;https://for-driver.info/en/review-company/Tom-Tech.html
TS Transport Service;centrala@transportservice.pl;https://for-driver.info/en/review-company/TS-Transport-Service.html
NET Transport i Spedycja;biuro@netfor.pl;https://for-driver.info/en/review-company/NET-Transport-i-Spedycja.html
Girteka Logistics;info@girteka.eu;https://for-driver.info/review-company/Girteka_Logistics.html
Auto-Fenix Sp. z o.o.;fenix.zam.jarek@vp.pl;https://for-driver.info/en/review-company/auto-fenix-sp-z-oo.html
KAM-TRANS;praca@kam-trans.com.pl;https://for-driver.info/en/review-company/KAM-TRANS.html
ZENITH LOGIS;info@zenith-logis.pl;https://for-driver.info/en/review-company/ZENITH-LOGIS.html
Ireneusz Lester;biuro@transport-lester.pl;https://for-driver.info/en/review-company/Ireneusz-Lester.html
WOJTAL SP. Z O.O.;wojtalbeton@gmail.com;https://for-driver.info/en/review-company/wojtal-sp-z-oo.html
Abakus Logistics sp. z o.o.;biuro@abakuslogistics.pl;https://for-driver.info/en/review-company/abakus-logistics-sp-z-oo.html
NEOXIS;neoxis@neoxis.pl;https://for-driver.info/en/review-company/NEOXIS.html
Girteka Logistics;info@girteka.eu;https://for-driver.info/review-company/Girteka_Logistics.html
Sewkar-Trans;sewkar@vp.pl;https://for-driver.info/en/review-company/Sewkar-Trans.html
Franklin Polska;franklin@franklinpolska.pl;https://for-driver.info/en/review-company/Franklin-Polska.html
RUN-TRANS;biuro@runtrans.pl;https://for-driver.info/en/review-company/RUN-TRANS.html
Eurogate Logistics;warsaw@eurogatelogistics.com;https://for-driver.info/en/review-company/Eurogate-Logistics.html
Piotr Fałat Transport;;https://for-driver.info/en/review-company/piotr-falat-transport.html
Transport Zbigniew Dziduszko;biuro.zdtransport@gmail.com;https://for-driver.info/en/review-company/Transport-Zbigniew-Dziduszko.html
AMG CARGO;amg@amgcargo.com;https://for-driver.info/en/review-company/amg-cargo.html
Girteka Logistics;info@girteka.eu;https://for-driver.info/review-company/Girteka_Logistics.html
Trans-AL;trans-al@trans-al.eu;https://for-driver.info/en/review-company/Trans-AL.html
ANSŁAW Zofia Jajczyk;sales@freshmushrooms.pl;https://for-driver.info/en/review-company/ANSŁAW-Zofia-Jajczyk.html
Pm22 Sp. z o.o.;;https://for-driver.info/en/review-company/pm22-sp-z-oo.html
Euro Trans Sped Kwidzyn;eurotrans-spedkwidzyn@wp.pl;https://for-driver.info/en/review-company/Euro-Trans-Sped-Kwidzyn.html
Montom;t.lubicki@montomspzoo.pl;https://for-driver.info/en/review-company/Montom.html
Beti Transport Olsztyn;beti.transport@wp.pl;https://for-driver.info/en/review-company/Beti-Transport-Olsztyn.html
WRONKOWSKI;express@wronkowski.eu;https://for-driver.info/en/review-company/WRONKOWSKI.html
Girteka Logistics;info@girteka.eu;https://for-driver.info/review-company/Girteka_Logistics.html
Transport Kaczmarek Sp. K.;trans-kaczmarek@world.pl;https://for-driver.info/en/review-company/TRANSPORT-KACZMAREK.html
BFI Sp. Z o.o. Sp. K.;hello@bfi.pl;https://for-driver.info/en/review-company/bfi-sp-z-oo-sp-k.html
Graal Wit;;https://for-driver.info/en/review-company/Graal-Wit.html
Szalkowski;biuro@szalkowski.com.pl;https://for-driver.info/en/review-company/Szalkowski.html
Daromar Sp. z o.o.;;https://for-driver.info/en/review-company/daromar-sp-z-oo.html
SAWPOL;sawpol@eu-transport.pl;https://for-driver.info/en/review-company/SAWPOL.html
ALEX-TRANSPORT;poczta@alex-transport.com.pl;https://for-driver.info/en/review-company/ALEX-TRANSPORT.html
Girteka Logistics;info@girteka.eu;https://for-driver.info/review-company/Girteka_Logistics.html
Imperial Trans Sp. z o.o.;office@imperialtrans.pl;https://for-driver.info/en/review-company/imperial-trans-sp-z-oo.html
Wallenborn Poland Sp. z o.o.;pol@wallenborn.com;https://for-driver.info/en/review-company/wallenborn-poland-sp-z-oo.html
RST Team;biuro@rst-team.pl;https://for-driver.info/en/review-company/RST-Team.html
Plato G.A.K. sp. j.;plato@plato.com.pl;https://for-driver.info/en/review-company/plato-gak-sp-j.html
AutoAndreas Transport;biuro@autoandreas.pl;https://for-driver.info/en/review-company/AutoAndreas-Transport.html
HTPL Sp. z o.o.;;https://for-driver.info/en/review-company/htpl-sp-z-oo.html
Euro Trans Sped Kwidzyn;eurotrans-spedkwidzyn@wp.pl;https://for-driver.info/en/review-company/Euro-Trans-Sped-Kwidzyn.html
Girteka Logistics;info@girteka.eu;https://for-driver.info/review-company/Girteka_Logistics.html
MAREX TRANSPORT;marex@marextransport.pl;https://for-driver.info/en/review-company/MAREX-TRANSPORT.html
Wojtex Transport;biuro@wojtex.eu;https://for-driver.info/en/review-company/Wojtex-Transport-.html
Bst Mobility Sp. z o.o.;biuro@bstmobility.pl;https://for-driver.info/en/review-company/bst-mobility-sp-z-oo.html
Trans Mirko;mirko@trans-mirko.com.pl;https://for-driver.info/en/review-company/Trans-Mirko.html
MTB Sulechów;info@mtb-sulechow.pl;https://for-driver.info/en/review-company/MTB-Sulechów.html
TS Transport Service;centrala@transportservice.pl;https://for-driver.info/en/review-company/TS–Transport.html
PW DUDA;info@pwduda.pl;https://for-driver.info/en/review-company/pw-duda.html
Girteka Logistics;info@girteka.eu;https://for-driver.info/review-company/Girteka_Logistics.html
Van der Vlist Polen;info@vandervlist.com;https://for-driver.info/en/review-company/Van-der-Vlist-Polen.html
DAKAR–TRANS;biuro@dakar-trans.pl;https://for-driver.info/en/review-company/DAKAR–TRANS.html
MW MICHAŁ WARSZAWSKI;m.warszawski@mwtransport.pl;https://for-driver.info/en/review-company/MW-MICHAŁ-WARSZAWSKI.html
Jkp S.C. Krzysztof Świta;;https://for-driver.info/en/review-company/Jkp-S-C--Krzysztof-Świta.html
Axis Logistics Sp.z o.o.;biuro@axislogistics.pl;https://for-driver.info/en/review-company/Axis-Logistics.html
Metafora Tsl Marta Jankowiak;martajankowiak89@wp.pl;https://for-driver.info/en/review-company/metafora-tsl-marta-jankowiak.html
NEW TRANS JUSTYNA JASIŃSKA;;https://for-driver.info/en/review-company/NEW-TRANS-JUSTYNA-JASIŃSKA.html
Girteka Logistics;info@girteka.eu;https://for-driver.info/review-company/Girteka_Logistics.html
Bus - Biuro usług spedycyjnych;biuro@bussped.pl;https://for-driver.info/en/review-company/Bus---Biuro-usług-spedycyjnych.html
Bna Transport;;https://for-driver.info/en/review-company/Bna-Transport.html
DARTIMEX Sp. z o.o.;biuro@dartimex.pl;https://for-driver.info/en/review-company/dartimex-sp-z-oo.html
AZET TRANSPORT;biuro@azet-transport.pl;https://for-driver.info/en/review-company/AZET-TRANSPORT.html
GLOB-TRANS;biuro@glob-trans.pl;https://for-driver.info/en/review-company/GLOB-TRANS.html
Onetex;onetex@poczta.onet.eu;https://for-driver.info/en/review-company/Onetex.html
Matrans S.A.;matrans@matrans.com.pl;https://for-driver.info/en/review-company/matrans-sa.html
Girteka Logistics;info@girteka.eu;https://for-driver.info/review-company/Girteka_Logistics.html
DUWE Logistics;buiro@duwe.com.pl;https://for-driver.info/en/review-company/DUWE-Logistics.html
Trans Krupa sp.j.;trans_krupa@interia.pl;https://for-driver.info/en/review-company/trans-krupa-spj.html
Jarko-Trans;jarkotrans@op.pl;https://for-driver.info/en/review-company/Jarko-Trans.html
Kruk Transport;biuro@kruk-transport.pl;https://for-driver.info/en/review-company/kruk-transport.html
NRJ;biuro@nrj-group.pl;https://for-driver.info/en/review-company/NRJ.html
A&S Cargo Sp. z o.o.;biuro@as-cargo.pl;https://for-driver.info/en/review-company/as-cargo-sp-z-oo.html
Nowatrans;k.klis@nowatrans.pl;https://for-driver.info/en/review-company/Nowatrans.html
Girteka Logistics;info@girteka.eu;https://for-driver.info/review-company/Girteka_Logistics.html
EURO-EXPRES Michał Malinowski;michal.malinowski@euro-expres.pl;https://for-driver.info/en/review-company/euro-expres-michal-malinowski.html
B+K Transport i Spedycja;grodzisk@bplusk.pl;https://for-driver.info/en/review-company/B+K-Transport-i-Spedycja.html
Wip-Trans Plus Sp. z o.o.;info@wiptrans.pl;https://for-driver.info/en/review-company/wip-trans-plus-sp-z-oo.html
M&W Spedition;transport@mw-spedition.com;https://for-driver.info/en/review-company/M&W-Spedition.html
Tedpol Sp. z o.o.;pawel.biernacki@tedpol.eu;https://for-driver.info/en/review-company/tedpol-sp-z-oo.html
SŁAW-TRANS SŁAWOMIR OWCZARZAK;;https://for-driver.info/en/review-company/SŁAW-TRANS-SŁAWOMIR-OWCZARZAK.html
Maliktrans;;https://for-driver.info/en/review-company/Maliktrans.html
Girteka Logistics;info@girteka.eu;https://for-driver.info/review-company/Girteka_Logistics.html
MATBETZ SPEDITION;matbetz.warszawa@neostrada.pl;https://for-driver.info/en/review-company/MATBETZ-SPEDITION.html
Transport Międzynarodowy Sławomir Walenda;spedycja@walendatransport.pl;https://for-driver.info/en/review-company/Walenda-Transport.html
Easy Transport;biuro@easytransport.com.pl;https://for-driver.info/en/review-company/Easy-Transport.html
Wolf Transport Jacek Pawłowski;;https://for-driver.info/en/review-company/wolf-transport-jacek-pawlowski.html
Hansped;beata@hansped.pl;https://for-driver.info/en/review-company/Hansped.html
Logstar Sp. z o.o.;logstar@logstar.pl;https://for-driver.info/en/review-company/logstar-sp-z-oo.html
EURO24 Sp. z o.o.;rzeszow@euro24.co;https://for-driver.info/en/review-company/Euro24.html
Girteka Logistics;info@girteka.eu;https://for-driver.info/review-company/Girteka_Logistics.html
AidaTrans;biuro@aidatrans.pl;https://for-driver.info/en/review-company/AidaTrans.html
Bogdan DRZYZGA;damian.stosur@drzyzga.com.pl;https://for-driver.info/en/review-company/Bogdan-DRZYZGA.html
Elflein Transport Poland;info@elflein.de;https://for-driver.info/en/review-company/Elflein-Transport-Poland.html
AUTO-MAR Marcin Kubik;automarfr@gmail.com;https://for-driver.info/en/review-company/auto-mar-marcin-kubik.html
Jacky Perrenot;directionjt@perrenot.eu;https://for-driver.info/en/review-company/Jacky-Perrenot.html
Pieter Smit Theater Rock Polska;agnieszka@pietersmit.com;https://for-driver.info/en/review-company/Pieter-Smit-Polska.html
Michalak Trans;biuro@michalaktrans.eu;https://for-driver.info/en/review-company/Michalak-Trans.html
Girteka Logistics;info@girteka.eu;https://for-driver.info/review-company/Girteka_Logistics.html
Usługi Transportowe Arkit;jan.arkit@wp.pl;https://for-driver.info/en/review-company/uslugi-transportowe-arkit.html
SPEED Spedycja;biuro@speed-transport.pl;https://for-driver.info/en/review-company/SPEED-Spedycja.html
AFT Transport & Spedition;contact@aftlogistic.eu;https://for-driver.info/en/review-company/aft-transport-spedition.html
ADAM GRONEK;ludwika@lgronek.pl;https://for-driver.info/en/review-company/ADAM-GRONEK.html
Peter-Star;peterstar@peterstar.pl;https://for-driver.info/en/review-company/Peter-Star.html
KXB Transport Sp. z o.o.;;https://for-driver.info/en/review-company/kxb-transport-sp-z-oo.html
Satori Sp. z o.o.;office@satori.info.pl;https://for-driver.info/en/review-company/Satori-Sp-zoo.html
Girteka Logistics;info@girteka.eu;https://for-driver.info/review-company/Girteka_Logistics.html
MIGREX;info@migrex.pl;https://for-driver.info/en/review-company/MIGREX.html
Trans Cargo Logistics Sp.z o.o.;biuro@tclspedycja.eu;https://for-driver.info/en/review-company/Trans-Cargo-Logistics.html
Enterprise Logistics;office@enterprise.com.pl;https://for-driver.info/en/review-company/Enterprise-Logistics-.html
BESTANDIG LOGISTICS;bestandig@bestandig.pl;https://for-driver.info/en/review-company/BESTANDIG-LOGISTICS.html
GREEN SPEED LOGISTICS;info@greenspeedlogistics.eu;https://for-driver.info/en/review-company/GREEN-SPEED-LOGISTICS.html
Ami-Cargoway Sp. z o.o.;;https://for-driver.info/en/review-company/ami-cargoway-sp-z-oo.html
P.W. Warbud;warbud@warbud.com.pl;https://for-driver.info/en/review-company/P-W-Warbud.html
Girteka Logistics;info@girteka.eu;https://for-driver.info/review-company/Girteka_Logistics.html
Wolny Klaudiusz Transport;klaudiusz.zuhwolny@home.pl;https://for-driver.info/en/review-company/Wolny-Klaudiusz-Transport.html
Shustoff Sp. z o.o.;;https://for-driver.info/en/review-company/shustoff-sp--z-o-o-.html
Paul Schockemoehle Logistics Polska Sp. z o.o.;biuro@schockemoehle.de;https://for-driver.info/en/review-company/paul-schockemoehle-polska-sp-z-oo.html
RETOS TRANSPORT;technical@retos.pl;https://for-driver.info/en/review-company/RETOS-TRANSPORT.html
LEW-TRANS Renata Lewandowska;transport@lewtrans.eu;https://for-driver.info/en/review-company/lew-trans-renata-lewandowska.html
TRANS-KRUSZ;biuro@transkrusz.pl;https://for-driver.info/en/review-company/TRANS-KRUSZ.html
F&T Logistics Sp. z o.o.;info@ftlogistics.pl;https://for-driver.info/en/review-company/ft-logistics-sp-z-oo.html
Girteka Logistics;info@girteka.eu;https://for-driver.info/review-company/Girteka_Logistics.html
Transam;marcin@transam.eu;https://for-driver.info/en/review-company/Transam.html
SŁAW-TRANS SŁAWOMIR OWCZARZAK;;https://for-driver.info/en/review-company/SŁAW-TRANS-SŁAWOMIR-OWCZARZAK.html
Maliktrans;;https://for-driver.info/en/review-company/Maliktrans.html
4-wheels;biuro@4-wheels.pl;https://for-driver.info/en/review-company/4-wheels.html
WOJMAR;biuro@wojmar.com.pl;https://for-driver.info/en/review-company/WOJMAR.html
DTW Logistics Group Sp. z o.o.;info@dtwl.pl;https://for-driver.info/en/review-company/dtw-logistics-group-sp-z-oo.html
CARDAN Logistics;biuro@cardan.net.pl;https://for-driver.info/en/review-company/CARDAN-Logistics.html
Girteka Logistics;info@girteka.eu;https://for-driver.info/review-company/Girteka_Logistics.html
DDV Nistor TRANSPORT;;https://for-driver.info/en/review-company/DDV-Nistor-TRANSPORT.html
WiseTrans Volodymyr Stefuryn;trucking@wise-trans.eu;https://for-driver.info/en/review-company/wisetrans-volodymyr-stefuryn.html
Diesel-Motor;transport@diesel-motor.pl;https://for-driver.info/en/review-company/Diesel-Motor.html
FUH Kumiec;biuro@kumiec.pl;https://for-driver.info/en/review-company/fuh-kumiec.html
Kik Sp. z o.o.;;https://for-driver.info/en/review-company/kik-sp-zoo.html
REN-TRANS;aska@ren-trans.pl;https://for-driver.info/en/review-company/REN-TRANS.html
Arrow TransCargoSped;info@arrowtcs.com;https://for-driver.info/en/review-company/arrow-transcargosped.html
Girteka Logistics;info@girteka.eu;https://for-driver.info/review-company/Girteka_Logistics.html
F.H.T. DARPOL Transport;;https://for-driver.info/en/review-company/fht-darpol-transport.html
MARDO Mariusz Żynda;biuro@mardo-bytow.pl;https://for-driver.info/en/review-company/MARDO-Mariusz-Żynda.html
DRAGON TRANS;dragontransorn@gmail.com;https://for-driver.info/en/review-company/DRAGON-TRANS.html
Art-Trans Artur Burzyński;;https://for-driver.info/en/review-company/art-trans-artur-burzynski.html
As-Sped Wioleta Łukaszewicz;;https://for-driver.info/en/review-company/As-Sped-Wioleta-Łukaszewicz.html
Celtrans;celtrans@celtrans.eu;https://for-driver.info/en/review-company/Celtrans.html
SCANDINAVIAN EXPRESS Poland;info@scandinavian.com.pl;https://for-driver.info/en/review-company/SCANDINAVIAN-EXPRESS-Poland.html
Girteka Logistics;info@girteka.eu;https://for-driver.info/review-company/Girteka_Logistics.html
Poltank;info@poltank.pl;https://for-driver.info/en/review-company/Poltank.html
PKS Torm Sp.z o.o.;torm@pkstorm.com;https://for-driver.info/en/review-company/pks-torm-spz-oo.html
ERNI Eryk Niezbecki;info@erni.com.pl;https://for-driver.info/en/review-company/ERNI-Eryk-Niezbecki.html
AMG CARGO;amg@amgcargo.com;https://for-driver.info/en/review-company/amg-cargo.html
Herkules S.A.;sekretariat@herkules-polska.pl;https://for-driver.info/en/review-company/Herkules-SA.html
BRATRANS S.C.;bratrans@poczta.fm;https://for-driver.info/en/review-company/BRATRANS-SC.html
RENO-TRANS;reno-trans@reno-trans.pl;https://for-driver.info/en/review-company/RENO-TRANS.html
Girteka Logistics;info@girteka.eu;https://for-driver.info/review-company/Girteka_Logistics.html
Promet Cargo Sp. z o.o.;biuro@prometcargo.com;https://for-driver.info/en/review-company/promet-cargo-sp-z-oo.html
Gajek Transport;biuro@gajektransport.pl;https://for-driver.info/en/review-company/Gajek-Transport.html
Frama Logistics Polska Sp. z o.o.;frama.pl@frama-logistics.com;https://for-driver.info/en/review-company/frama-logistics-polska-sp-z-oo.html
VFP Logistics;;https://for-driver.info/en/review-company/VFP-Logistics.html
Gobi Transport;gobi@gobi.pl;https://for-driver.info/en/review-company/Gobi-Transport.html
Emcotrans Sp. z o.o.;acc@emcotrans-pl.com;https://for-driver.info/en/review-company/emcotrans-sp-z-oo.html
Pestanpol;pestanpol@pestanpol.com.pl;https://for-driver.info/en/review-company/Pestanpol.html
Girteka Logistics;info@girteka.eu;https://for-driver.info/review-company/Girteka_Logistics.html
AMG Liquids;amg@amgliquids.eu;https://for-driver.info/en/review-company/AMG-Liquids.html
S.K.Y Cargo Sp. z o.o.;sky.trustcargo@gmail.com;https://for-driver.info/en/review-company/SKY-Cargo-Sp-zoo.html
POLSKI TRANSPORT CIĘŻAROWY;ptc@ptcspedycja.eu;https://for-driver.info/en/review-company/POLSKI-TRANSPORT-CIĘŻAROWY.html
EMMA-TRANSPORT;kontakt@emma-transport.pl;https://for-driver.info/en/review-company/EMMA-TRANSPORT.html
Raamm Group Sp. z o.o.;biuro@raamm.pl;https://for-driver.info/en/review-company/raamm-group-sp-z-oo.html
AMPLIZ Transport;biuro@ampliz.pl;https://for-driver.info/en/review-company/AMPLIZ-Transport.html
Yellow Cargo Express;transport@yellowexpress.pl;https://for-driver.info/en/review-company/Yellow-Cargo-Express.html
Girteka Logistics;info@girteka.eu;https://for-driver.info/review-company/Girteka_Logistics.html
SCHOPA;biuro@schopa.pl;https://for-driver.info/en/review-company/SCHOPA.html
Olmatrans Logistyk Sp.j.;;https://for-driver.info/en/review-company/olmatrans-logistyk-spj.html
TRANS R.O.S.S.;trans-ross@wp.pl;https://for-driver.info/en/review-company/TRANS-R-O-S-S.html
Eltrans Sp. z.o.o.;l.woroniecki@eltrans-tl.pl;https://for-driver.info/en/review-company/eltrans-sp-zoo.html
WT DOLECKA;wtdolecka@wp.pl;https://for-driver.info/en/review-company/WT-DOLECKA.html
Polmex Group;office@polmex.pl;https://for-driver.info/en/review-company/polmex-group.html
Prime Transport;prime@primetransport.pl;https://for-driver.info/en/review-company/Prime-Transport.html
Girteka Logistics;info@girteka.eu;https://for-driver.info/review-company/Girteka_Logistics.html
ACC-Logistic;info@acc-logistic.pl;https://for-driver.info/en/review-company/ACC-Logistic.html
Hacz-Pol Czesław Czarnecki;haczpol@gmail.com;https://for-driver.info/en/review-company/hacz-pol-czesław-czarnecki.html
Mardo Marcin Domińczyk;mardo@firma-mardo.com.pl;https://for-driver.info/en/review-company/Mardo-Marcin-Domińczyk.html
SZPAK TRANSPORT;biuro@szpak-transport.pl;https://for-driver.info/en/review-company/SZPAK-TRANSPORT.html
BRITANNIA LOGISTICS;biuro@britannia-logistics.pl;https://for-driver.info/en/review-company/BRITANNIA-LOGISTICS.html
Transport i Spedycja - Bocian;bocian.transmar@gmail.com;https://for-driver.info/en/review-company/transport-i-spedycja-bocian.html
APPLE FARM;transport@applefarm.pl;https://for-driver.info/en/review-company/APPLE-FARM.html
Girteka Logistics;info@girteka.eu;https://for-driver.info/review-company/Girteka_Logistics.html
Nowatrans;k.klis@nowatrans.pl;https://for-driver.info/en/review-company/Nowatrans.html
Firma Transportowa Trzciński;robert@ftt.pl;https://for-driver.info/en/review-company/Firma-Transportowa-Trzciński.html
STANISŁAW RENK TRANSPORT;tcrenk@o2.pl;https://for-driver.info/en/review-company/STANISŁAW-RENK-TRANSPORT.html
Creative Cargo Transport Tomasz Świder;;https://for-driver.info/en/review-company/creative-cargo-transport-tomasz-swider.html
Mauffrey Polska;;https://for-driver.info/en/review-company/Mauffrey-Polska.html
MTD Wareńczak;info@warenczak.pl;https://for-driver.info/en/review-company/mtd-warenczak.html
Spedycja Osgrew;osgrew@wp.pl;https://for-driver.info/en/review-company/Spedycja-Osgrew.html
Girteka Logistics;info@girteka.eu;https://for-driver.info/review-company/Girteka_Logistics.html
EJMAKS Transport i Spedycja;ejmaks2017@gmail.com;https://for-driver.info/en/review-company/ejmaks-transport-i-spedycja.html
Bus - Biuro usług spedycyjnych;biuro@bussped.pl;https://for-driver.info/en/review-company/Bus---Biuro-usług-spedycyjnych.html
Bna Transport;;https://for-driver.info/en/review-company/Bna-Transport.html
DARTIMEX Sp. z o.o.;biuro@dartimex.pl;https://for-driver.info/en/review-company/dartimex-sp-z-oo.html
AZET TRANSPORT;biuro@azet-transport.pl;https://for-driver.info/en/review-company/AZET-TRANSPORT.html
GLOB-TRANS;biuro@glob-trans.pl;https://for-driver.info/en/review-company/GLOB-TRANS.html
Onetex;onetex@poczta.onet.eu;https://for-driver.info/en/review-company/Onetex.html
Girteka Logistics;info@girteka.eu;https://for-driver.info/review-company/Girteka_Logistics.html
Rw-Trans Radosław Wawrzynkiewicz;wawrzynkiewicz20@gmail.com;https://for-driver.info/en/review-company/Rw-Trans-Radosław-Wawrzynkiewi.html
Knd Group Sp. z o.o.;info.knd.group.cz@gmail.com;https://for-driver.info/en/review-company/knd-group-sp-z-oo.html
PIT TRANSPORT;biuro@pittransport.pl;https://for-driver.info/en/review-company/PIT-TRANSPORT.html
Eko-Pal ZTPHU Longin Sałagan;ekopalsalagan@onet.eu;https://for-driver.info/en/review-company/Eko-Pal-ZTPHU-Longin-Sałagan.html
PKS S.A. Żary;pks@pks.zary.pl;https://for-driver.info/en/review-company/PKS-S-A--Żary.html
Usługi Transportowe Stefan Pastewski;stefanlniano@wp.pl;https://for-driver.info/en/review-company/Stefan-Pastewski-Transport.html
Polish Gas Oil Sp. z o.o.;;https://for-driver.info/en/review-company/polish-gas-oil-sp-z-oo.html
Girteka Logistics;info@girteka.eu;https://for-driver.info/review-company/Girteka_Logistics.html
Insped Transport;info@insped.pl;https://for-driver.info/en/review-company/Insped-Transport.html
EJMAKS Transport i Spedycja;ejmaks2017@gmail.com;https://for-driver.info/en/review-company/ejmaks-transport-i-spedycja.html
Bus - Biuro usług spedycyjnych;biuro@bussped.pl;https://for-driver.info/en/review-company/Bus---Biuro-usług-spedycyjnych.html
Bna Transport;;https://for-driver.info/en/review-company/Bna-Transport.html
DARTIMEX Sp. z o.o.;biuro@dartimex.pl;https://for-driver.info/en/review-company/dartimex-sp-z-oo.html
AZET TRANSPORT;biuro@azet-transport.pl;https://for-driver.info/en/review-company/AZET-TRANSPORT.html
GLOB-TRANS;biuro@glob-trans.pl;https://for-driver.info/en/review-company/GLOB-TRANS.html
Girteka Logistics;info@girteka.eu;https://for-driver.info/review-company/Girteka_Logistics.html
Matrans S.A.;matrans@matrans.com.pl;https://for-driver.info/en/review-company/matrans-sa.html
Remus-Trans;office@remustrans.pl;https://for-driver.info/en/review-company/Remus-Trans.html
DUWE Logistics;buiro@duwe.com.pl;https://for-driver.info/en/review-company/DUWE-Logistics.html
Trans Krupa sp.j.;trans_krupa@interia.pl;https://for-driver.info/en/review-company/trans-krupa-spj.html
Jarko-Trans;jarkotrans@op.pl;https://for-driver.info/en/review-company/Jarko-Trans.html
Kruk Transport;biuro@kruk-transport.pl;https://for-driver.info/en/review-company/kruk-transport.html
NRJ;biuro@nrj-group.pl;https://for-driver.info/en/review-company/NRJ.html
Girteka Logistics;info@girteka.eu;https://for-driver.info/review-company/Girteka_Logistics.html
Enterprise Logistics;office@enterprise.com.pl;https://for-driver.info/en/review-company/Enterprise-Logistics-.html
BESTANDIG LOGISTICS;bestandig@bestandig.pl;https://for-driver.info/en/review-company/BESTANDIG-LOGISTICS.html
GREEN SPEED LOGISTICS;info@greenspeedlogistics.eu;https://for-driver.info/en/review-company/GREEN-SPEED-LOGISTICS.html
Ami-Cargoway Sp. z o.o.;;https://for-driver.info/en/review-company/ami-cargoway-sp-z-oo.html
P.W. Warbud;warbud@warbud.com.pl;https://for-driver.info/en/review-company/P-W-Warbud.html
Koordynator;info@koordynator.pl;https://for-driver.info/en/review-company/Koordynator.html
DAR-POL Dariusz Kulesza;dariusz.kulesza@darpoltrans.pl;https://for-driver.info/en/review-company/dar-pol-dariusz-kulesza.html
Girteka Logistics;info@girteka.eu;https://for-driver.info/review-company/Girteka_Logistics.html
Mario-Trans Mariusz Wójtowicz;;https://for-driver.info/en/review-company/Mario-Trans-Mariusz-Wójtowicz.html
RETRANS T. Baran, M. Kapcia Sp.j.;biuro@retrans.pl;https://for-driver.info/en/review-company/RETRANS.html
WMW Sp. o.o.;biuro@wmw-transport.pl;https://for-driver.info/en/review-company/wmw-sp-oo.html
Sped Partner;biuro@spedpartner.pl;https://for-driver.info/en/review-company/Sped-Partner.html
BURIAN Transport Logistic;poczta@burian.com.pl;https://for-driver.info/en/review-company/BURIAN-Transport-Logistic.html
TRANSPORT FIDO;transportfido@wp.pl;https://for-driver.info/en/review-company/transport-fido.html
AN-BET;an.bet@vp.pl;https://for-driver.info/en/review-company/AN-BET.html
Girteka Logistics;info@girteka.eu;https://for-driver.info/review-company/Girteka_Logistics.html
Celtrans;celtrans@celtrans.eu;https://for-driver.info/en/review-company/Celtrans.html
SCANDINAVIAN EXPRESS Poland;info@scandinavian.com.pl;https://for-driver.info/en/review-company/SCANDINAVIAN-EXPRESS-Poland.html
NTG Polar Road;sales@ntgpolar.pl;https://for-driver.info/en/review-company/NTG-Polar-Road.html
Rw-Trans Radosław Wawrzynkiewicz;wawrzynkiewicz20@gmail.com;https://for-driver.info/en/review-company/Rw-Trans-Radosław-Wawrzynkiewi.html
Knd Group Sp. z o.o.;info.knd.group.cz@gmail.com;https://for-driver.info/en/review-company/knd-group-sp-z-oo.html
PIT TRANSPORT;biuro@pittransport.pl;https://for-driver.info/en/review-company/PIT-TRANSPORT.html
Eko-Pal ZTPHU Longin Sałagan;ekopalsalagan@onet.eu;https://for-driver.info/en/review-company/Eko-Pal-ZTPHU-Longin-Sałagan.html
Girteka Logistics;info@girteka.eu;https://for-driver.info/review-company/Girteka_Logistics.html
ROLEKS SP. Z O.O;roleks@roleks.siedlce.pl;https://for-driver.info/en/review-company/roleks-sp-z-oo.html
Wiś-Trans Marcin Wiśniewski;wis.trans@wp.pl;https://for-driver.info/en/review-company/Wiś-Trans-Marcin-Wiśniewski.html
STAK TRANS;info@staktrans.pl;https://for-driver.info/en/review-company/STAK-TRANS-.html
Md Truck Maciej Domowicz;info@md-truck.com;https://for-driver.info/en/review-company/Md-Truck-Maciej-Domowicz.html
Cebula Transport;praca@cebulatransport.pl;https://for-driver.info/en/review-company/Cebula-Transport.html
GreenWays Logistyka Sp. z o.o.;office@gwlogistyka.pl;https://for-driver.info/en/review-company/greenways-logistyka-sp-z-oo.html
MACSPED;macsped@macsped.com.pl;https://for-driver.info/en/review-company/MACSPED.html
Girteka Logistics;info@girteka.eu;https://for-driver.info/review-company/Girteka_Logistics.html
Active Transport;active@activetransport.pl;https://for-driver.info/en/review-company/Active-Transport.html
KMW Sp. z o.o.;;https://for-driver.info/en/review-company/kmw-sp-z-oo.html
Andrzej Borski;biuro@borski.pl;https://for-driver.info/en/review-company/Andrzej-Borski.html
MARGO Małgorzata Wojciechowska;margo.mw@wp.pl;https://for-driver.info/en/review-company/MARGO-Małgorzata-Wojciechowska.html
BESPOL;andrzej.schwertfeger@bespol.com;https://for-driver.info/en/review-company/BESPOL.html
FOX Sebastian Błoński;biuro@ftfox.pl;https://for-driver.info/en/review-company/FOX-Sebastian-Błoński.html
Agro gold FHU Wioleta Prysak;biuro@agrogold.com.pl;https://for-driver.info/en/review-company/agro-gold-fhu-wioleta-prysak.html
Girteka Logistics;info@girteka.eu;https://for-driver.info/review-company/Girteka_Logistics.html
RORO TRANS;;https://for-driver.info/en/review-company/RORO-TRANS.html
JOANNA ZAGRODZKA;cargo@goodcargo.pl;https://for-driver.info/en/review-company/JOANNA-ZAGRODZKA.html
MLG GROUP Łukasz Gorczyca;biuro@mlggroup.pl;https://for-driver.info/en/review-company/mlg-group-łukasz-gorczyca.html
WL-Logistik Polska;kontakt@wl-logistik.pl;https://for-driver.info/en/review-company/WL-Logistik-Polska.html
ID Logistics Poland SA;;https://for-driver.info/en/review-company/id-logistics-poland-sa.html
FALCON TRANSPORT;transport@garlic.com.pl;https://for-driver.info/en/review-company/FALCON-TRANSPORT.html
P.H.U Seru_Corporation Rafał;dispo@seru.pl;https://for-driver.info/en/review-company/phu-seru-corporation-rafal.html
Girteka Logistics;info@girteka.eu;https://for-driver.info/review-company/Girteka_Logistics.html
LABTRANS;biuro@labtrans.pl;https://for-driver.info/en/review-company/LABTRANS.html
Zytel Transport i Logistyka;biuro@zytellogistics.pl;https://for-driver.info/en/review-company/Zytel-Transport-i-Logistyka.html
ACC-Logistic;info@acc-logistic.pl;https://for-driver.info/en/review-company/ACC-Logistic.html
Hacz-Pol Czesław Czarnecki;haczpol@gmail.com;https://for-driver.info/en/review-company/hacz-pol-czesław-czarnecki.html
Mardo Marcin Domińczyk;mardo@firma-mardo.com.pl;https://for-driver.info/en/review-company/Mardo-Marcin-Domińczyk.html
SZPAK TRANSPORT;biuro@szpak-transport.pl;https://for-driver.info/en/review-company/SZPAK-TRANSPORT.html
Transport i Spedycja - Bocian;bocian.transmar@gmail.com;https://for-driver.info/en/review-company/transport-i-spedycja-bocian.html
Girteka Logistics;info@girteka.eu;https://for-driver.info/review-company/Girteka_Logistics.html
Aja Logistics;info@ajalogistics.pl;https://for-driver.info/en/review-company/Aja-Logistics.html
ALEKS Waldemar Jasionowski;aleks.transport@gmail.com;https://for-driver.info/en/review-company/ALEKS-Waldemar-Jasionowski.html
Mrozek Transport sp. z o.o;administracja@mrozektransport.com;https://for-driver.info/en/review-company/mrozek-transport-sp-z-oo.html
ZTE;zte@zte.pl;https://for-driver.info/en/review-company/ZTE.html
Orion Trans Sp. z o.o.;;https://for-driver.info/en/review-company/Orion-Trans-Sp-zoo.html
TBL Company sp. z o.o.;;https://for-driver.info/en/review-company/tbl-company-sp-z-oo.html
Brit-Pol Polska sp. z o.o.;transport@brit-polltd.com;https://for-driver.info/en/review-company/brit-pol-polska-sp-zoo.html
Girteka Logistics;info@girteka.eu;https://for-driver.info/review-company/Girteka_Logistics.html
GAREX LOGISTICS;biuro@garex-spedycja.pl;https://for-driver.info/en/review-company/GAREX-LOGISTICS.html
S.I.T. Polska;sit.polska@interia.pl;https://for-driver.info/en/review-company/S-I-T--Polska.html
Jan De Rijk Logistics Poland Sp. z o.o.;info@janderijk.com;https://for-driver.info/en/review-company/jan-de-rijk-logistics-poland-sp-z-oo.html
CT Logistics;customer.service@ctlogistic.com;https://for-driver.info/en/review-company/CT-Logistics.html
NTK Transport Katarzyna Nowak;Transport.ntk@gmail.com;https://for-driver.info/en/review-company/ntk-transport-katarzyna-nowak.html
1ATP Express Transport;info@1atp.eu;https://for-driver.info/en/review-company/1ATP-Express-Transport.html
AGA–TRANS;m.maliszewski@agatrans.eu;https://for-driver.info/en/review-company/AGA–TRANS.html
Girteka Logistics;info@girteka.eu;https://for-driver.info/review-company/Girteka_Logistics.html
Prawdzik Transport;utprawdzik@gmail.com;https://for-driver.info/en/review-company/Prawdzik-Transport.html
FHU POL-SPEED Paweł Witkowski;biuro@pol-speed.com.pl;https://for-driver.info/en/review-company/fhu-pol-speed-pawel-witkowski.html
DECAR Usługi Transportowe;biuro@tsdecar.pl;https://for-driver.info/en/review-company/DECAR-Usługi-Transportowe.html
Transmulde Transport Daniel Wojtowicz;;https://for-driver.info/en/review-company/Transmulde-Transport.html
GRUPA OSCAR Sp. z o.o.;transport@grupaoscar.pl;https://for-driver.info/en/review-company/grupa-oscar-sp-z-oo.html
Babik Transport;office@babiktransport.pl;https://for-driver.info/en/review-company/Babik-Transport.html
Krotrans Logistics;biuro@krotrans.pl;https://for-driver.info/en/review-company/Krotrans-Logistics.html
Girteka Logistics;info@girteka.eu;https://for-driver.info/review-company/Girteka_Logistics.html
ALWINA TRANS;biuro@alwinatrans.com.pl;https://for-driver.info/en/review-company/ALWINA-TRANS.html
Auto Transport Kozieł;at@at-koziel.pl;https://for-driver.info/en/review-company/Auto-Transport-Kozieł.html
IF Trans sp. z o.o.;;https://for-driver.info/en/review-company/if-trans-sp-z-oo.html
ASAP sp. z o.o.;office@asap-trans.eu;https://for-driver.info/en/review-company/asap-sp-z-oo.html
Logius;biuro@logius.pl;https://for-driver.info/en/review-company/Logius.html
Z&G Trans;office@zgtrans.pl;https://for-driver.info/en/review-company/Z&G-Trans.html
PST SPEDEX Sp. z o.o.;;https://for-driver.info/en/review-company/pst-spedex-sp-z-oo.html
Girteka Logistics;info@girteka.eu;https://for-driver.info/review-company/Girteka_Logistics.html
ACC-Logistic;info@acc-logistic.pl;https://for-driver.info/en/review-company/ACC-Logistic.html
Hacz-Pol Czesław Czarnecki;haczpol@gmail.com;https://for-driver.info/en/review-company/hacz-pol-czesław-czarnecki.html
Mardo Marcin Domińczyk;mardo@firma-mardo.com.pl;https://for-driver.info/en/review-company/Mardo-Marcin-Domińczyk.html
SZPAK TRANSPORT;biuro@szpak-transport.pl;https://for-driver.info/en/review-company/SZPAK-TRANSPORT.html
BRITANNIA LOGISTICS;biuro@britannia-logistics.pl;https://for-driver.info/en/review-company/BRITANNIA-LOGISTICS.html
Transport i Spedycja - Bocian;bocian.transmar@gmail.com;https://for-driver.info/en/review-company/transport-i-spedycja-bocian.html
APPLE FARM;transport@applefarm.pl;https://for-driver.info/en/review-company/APPLE-FARM.html
Girteka Logistics;info@girteka.eu;https://for-driver.info/review-company/Girteka_Logistics.html
Vasco Bohemia;biuro@vascobohemia.pl;https://for-driver.info/en/review-company/Vasco-Bohemia.html
Mega-Trans;biuro@mega24.com.pl;https://for-driver.info/en/review-company/Mega-Trans.html
Kamelot Sp. z o.o.;miron.kabay@kamelot.ltd;https://for-driver.info/en/review-company/kamelot-sp-z-oo.html
Next Gen Logistic Sp. z o.o.;;https://for-driver.info/en/review-company/next-gen-logistic-sp-z-oo.html
Wender;kontakt@wender.com.pl;https://for-driver.info/en/review-company/Wender.html
Eurotrans Handzel;praca@m-handzel.com;https://for-driver.info/en/review-company/Eurotrans-Handzel.html
MAX-TRANS;office@max-trans.eu;https://for-driver.info/en/review-company/MAX-TRANS.html
Girteka Logistics;info@girteka.eu;https://for-driver.info/review-company/Girteka_Logistics.html
Snm Logistics Sp. z o.o.;snmlogisticsinfo@gmail.com;https://for-driver.info/en/review-company/snm-logistics-sp-z-oo.html
HD Trans Sp. z o. o.;;https://for-driver.info/en/review-company/HD-Trans.html
Dominik Transport;biuro@dominiktransport.pl;https://for-driver.info/en/review-company/Dominik-Transport.html
GAMA Jacek Hinc;gama@gama-gdansk.pl;https://for-driver.info/en/review-company/GAMA-Jacek-Hinc.html
ART.B. LOGISTIC Sp. z o.o.;buiro@artblogistic.eu;https://for-driver.info/en/review-company/artb-logistic-sp-z-oo.html
Synco Logistics;t.szopinski@synco.pl;https://for-driver.info/en/review-company/Synco-Logistics.html
Daltrans Henryk Dalaszyński;biuro@daltrans.com.pl;https://for-driver.info/en/review-company/Daltrans-Henryk-Dalaszyński.html
Girteka Logistics;info@girteka.eu;https://for-driver.info/review-company/Girteka_Logistics.html
Idziak Trans;biuro@idziaktrans.pl;https://for-driver.info/en/review-company/idziak-trans.html
UTTIS;;https://for-driver.info/en/review-company/UTTIS.html
Ariel Żurawski;arielzurawski@wp.pl;https://for-driver.info/en/review-company/Ariel-Żurawski.html
Prymus Szumacher Wieczorek;praca@prymus.waw.pl;https://for-driver.info/en/review-company/prymus-szumacher-wieczorek.html
DRUTEX S.A.;drutex@drutex.com.pl;https://for-driver.info/en/review-company/DRUTEX-S-A.html
KM LOGISTYKA;transport@kmlogistyka.pl;https://for-driver.info/en/review-company/KM-LOGISTYKA.html
Lukashev Transport Sp. z o.o.;infotruck@lukashevtransport.pl;https://for-driver.info/en/review-company/lukashev-transport-sp-z-oo.html
Girteka Logistics;info@girteka.eu;https://for-driver.info/review-company/Girteka_Logistics.html
Insped Transport;info@insped.pl;https://for-driver.info/en/review-company/Insped-Transport.html
EJMAKS Transport i Spedycja;ejmaks2017@gmail.com;https://for-driver.info/en/review-company/ejmaks-transport-i-spedycja.html
Bus - Biuro usług spedycyjnych;biuro@bussped.pl;https://for-driver.info/en/review-company/Bus---Biuro-usług-spedycyjnych.html
Bna Transport;;https://for-driver.info/en/review-company/Bna-Transport.html
DARTIMEX Sp. z o.o.;biuro@dartimex.pl;https://for-driver.info/en/review-company/dartimex-sp-z-oo.html
AZET TRANSPORT;biuro@azet-transport.pl;https://for-driver.info/en/review-company/AZET-TRANSPORT.html
GLOB-TRANS;biuro@glob-trans.pl;https://for-driver.info/en/review-company/GLOB-TRANS.html
Girteka Logistics;info@girteka.eu;https://for-driver.info/review-company/Girteka_Logistics.html
PDP Logistics;biuro@pdplogistics.pl;https://for-driver.info/en/review-company/PDP-Logistics.html
Evin-Trans Sp. z o.o.;;https://for-driver.info/en/review-company/evin-trans-sp-z-oo.html
TRANSPORT KOCUR;kontakt@transportkocur.pl;https://for-driver.info/en/review-company/TRANSPORT-KOCUR.html
BUDIMET;budimet@budimet.com.pl;https://for-driver.info/en/review-company/BUDIMET.html
Schobeli Sp. z o.o.;transport@schobeli.pl;https://for-driver.info/en/review-company/schobeli-sp-z-oo.html
DANIEL TRANSPORT;biuro@daniel-transport.eu;https://for-driver.info/en/review-company/DANIEL-TRANSPORT.html
PTD Transport Mariusz Posłuszny;posluszny@vp.pl;https://for-driver.info/en/review-company/ptd-transport-mariusz-posluszny.html
Girteka Logistics;info@girteka.eu;https://for-driver.info/review-company/Girteka_Logistics.html
GABER SPEDYCJA;gaber@gaber.pl;https://for-driver.info/en/review-company/GABER-SPEDYCJA.html
tranS-Parts Sp. z o.o.;transparts75@wp.pl;https://for-driver.info/en/review-company/trans-parts-sp-z-oo.html
SAS Transport Mirosława Muszyńska;miramusz@wp.pl;https://for-driver.info/en/review-company/SAS-Transport-Mirosława-Muszyńska.html
Katex Transport;biuro@katex.net;https://for-driver.info/en/review-company/Katex-Transport.html
Bitum Logistic;SEKRETARIAT@BITUM-LOGISTIC.PL;https://for-driver.info/en/review-company/Bitum-Logistic.html
SPEED Group;biuro@speed-group.eu;https://for-driver.info/en/review-company/speed-group.html
OPT Logistic;biuro@optlogistic.pl;https://for-driver.info/en/review-company/OPT-Logistic.html
Girteka Logistics;info@girteka.eu;https://for-driver.info/review-company/Girteka_Logistics.html
Pestanpol;pestanpol@pestanpol.com.pl;https://for-driver.info/en/review-company/Pestanpol.html
Globtrans;globtrans@globtrans.katowice.pl;https://for-driver.info/en/review-company/Globtrans.html
Margo Spółka z o.o.;info@margotransport.pl;https://for-driver.info/en/review-company/margo-spolka-z-oo.html
Transport Boniowski Jacek i Adam;transport.boniowski@poczta.fm;https://for-driver.info/en/review-company/Transport-Boniowski-Jacek.html
C.S.CARGO Poland Sp. z o.o.;poland@cscargo.eu;https://for-driver.info/en/review-company/cscargo-poland-sp-z-oo.html
4 Partners Polska sp. z o.o.;biuro@4partners.com.pl;https://for-driver.info/en/review-company/4-partners-polska-sp-z-oo.html
Direct Cargo;directcargo@directcargo.pl;https://for-driver.info/en/review-company/Direct-Cargo.html
Girteka Logistics;info@girteka.eu;https://for-driver.info/review-company/Girteka_Logistics.html
EL-ZAK Sp. z o.o.;biuro@el-zak.pl;https://for-driver.info/en/review-company/el-zak-sp-zoo.html
"Sebastian Molenda ""SEB-TRANS""";;https://for-driver.info/en/review-company/sebastian-molenda-seb-trans.html
Bystry Transport;bystry@bystrytransport.pl;https://for-driver.info/en/review-company/Bystry-Transport.html
ROMEK TRANSPORT SP. Z O.O.;biuro@romektransport.pl;https://for-driver.info/en/review-company/romek-transport-sp-z-oo.html
ROSA-BUS;rosabus@vp.pl;https://for-driver.info/en/review-company/ROSA-BUS.html
Pol-Trans Aleksander Woźnicki;;https://for-driver.info/en/review-company/pol-trans-aleksander-woznicki.html
Eros Trans;dispo@erostrans.com;https://for-driver.info/en/review-company/Eros-Trans.html
Girteka Logistics;info@girteka.eu;https://for-driver.info/review-company/Girteka_Logistics.html
REPIŃSKI TRANSPORT;transport@repinski.pl;https://for-driver.info/en/review-company/REPIŃSKI-TRANSPORT.html
Zasada Trans;info@zasadatrans.pl;https://for-driver.info/en/review-company/Zasada-Trans.html
IKLUX;ikartravel2011@mail.ru;https://for-driver.info/en/review-company/IKLUX.html
By The Way Radosław Korcz;natantrans@op.pl;https://for-driver.info/en/review-company/by-the-way-radoslaw-korcz.html
Fado Logistics;fadologistics@onet.pl;https://for-driver.info/en/review-company/Fado-Logistics.html
DELTA Andrzej Woroch;dispo@delta-transport.pl;https://for-driver.info/en/review-company/delta-andrzej-woroch.html
Meridian;info@meridian24.pl;https://for-driver.info/en/review-company/Meridian.html
Girteka Logistics;info@girteka.eu;https://for-driver.info/review-company/Girteka_Logistics.html
Hermespol;biuro@hermespol.com.pl;https://for-driver.info/en/review-company/Hermespol.html
Łuczkowski Transport;luczkowski.transport@wp.pl;https://for-driver.info/en/review-company/Łuczkowski-Transport.html
MŁOT;biuro@mlot.pl;https://for-driver.info/en/review-company/MŁOT.html
Insped Transport;info@insped.pl;https://for-driver.info/en/review-company/Insped-Transport.html
EJMAKS Transport i Spedycja;ejmaks2017@gmail.com;https://for-driver.info/en/review-company/ejmaks-transport-i-spedycja.html
Bus - Biuro usług spedycyjnych;biuro@bussped.pl;https://for-driver.info/en/review-company/Bus---Biuro-usług-spedycyjnych.html
Bna Transport;;https://for-driver.info/en/review-company/Bna-Transport.html
Girteka Logistics;info@girteka.eu;https://for-driver.info/review-company/Girteka_Logistics.html
ECE LOGISTICS;biuro@ecelogistics.pl;https://for-driver.info/en/review-company/ECE-LOGISTICS.html
Dworczak Logistics;biuro@dworczak.com.pl;https://for-driver.info/en/review-company/Dworczak-Logistics.html
PROTRANS Sp.z o.o.;protrans@protrans.com.pl;https://for-driver.info/en/review-company/protrans-spz-oo.html
Charon Transport;biuro@charontransport.pl;https://for-driver.info/en/review-company/Charon-Transport.html
BENSKI Transport;biuro@benski.pl;https://for-driver.info/en/review-company/BENSKI-Transport.html
Paula Trans;p.kurowski@paulatrans.pl;https://for-driver.info/en/review-company/Paula-Trans.html
Dmytro Katrychenko Transporte;kd.group.cz@gmail.com;https://for-driver.info/en/review-company/dmytro-katrychenko-transporte.html
Girteka Logistics;info@girteka.eu;https://for-driver.info/review-company/Girteka_Logistics.html
WP Trans Wojciech Popieluch;biuro.wptrans@wptrans.com.pl;https://for-driver.info/en/review-company/WP-Trans-Wojciech-Popieluch.html
Wojciech Mróz Usługi Transportowe;biuro@transportmroz.com;https://for-driver.info/en/review-company/wojciech-mroz-uslugi-transportowe.html
VERTIGO Transport i Spedycja;biuro@vertigo.pl;https://for-driver.info/en/review-company/vertigo-transport-i-spedycja.html
TOMEXO;biuro@tomexo.pl;https://for-driver.info/en/review-company/TOMEXO.html
UNIVERSAL TRANSPORT Polska Sp. z o.o.;;https://for-driver.info/en/review-company/universal-transport-polska-sp-z-oo.html
Alegre Transport;biuro@alegre.pl;https://for-driver.info/en/review-company/Alegre-Transport.html
KAMTRANS;biuro@kamtrans.net;https://for-driver.info/en/review-company/KAMTRANS.html
Girteka Logistics;info@girteka.eu;https://for-driver.info/review-company/Girteka_Logistics.html
Avilog Polska;kontakt@avilogpolska.com;https://for-driver.info/en/review-company/Avilog-Polska.html
TransportMania;agnieszkajozwiak@transportmania.pl;https://for-driver.info/en/review-company/TransportMania.html
TKTM SP. Z O.O.;kontakt@tktm.pl;https://for-driver.info/en/review-company/tktm-sp-z-oo.html
DVL Trans Sp. z o.o.;dvl.order@gmail.com;https://for-driver.info/en/review-company/dvl-trans-sp-z-oo.html
BEDDAR LOGISTIC;;https://for-driver.info/en/review-company/BEDDAR-LOGISTIC.html
GTI LOGISTIK;info@gti-logistik.com;https://for-driver.info/en/review-company/GTI-LOGISTIK.html
BLM Express Sp. z o.o.;transport@blmlogistics.eu;https://for-driver.info/en/review-company/blm-express-sp-z-oo.html
Girteka Logistics;info@girteka.eu;https://for-driver.info/review-company/Girteka_Logistics.html
MEGA-TRAK;contact@mega-trak.com;https://for-driver.info/en/review-company/MEGA-TRAK.html
BACZ-TRANS Andrzej Bączyk;biuro@bacztrans.pl;https://for-driver.info/en/review-company/BACZ-TRANS-Andrzej-Bączyk.html
AAL Transport;biuro@aaltransport.pl;https://for-driver.info/en/review-company/AAL-Transport.html
Persimmon Trans Sp. z o.o.;info@persimmontrans.pl;https://for-driver.info/en/review-company/persimmon-trans-sp-z-oo.html
MMPJ Sp. z o.o.;office@mmpj.com.pl;https://for-driver.info/en/review-company/MMPJ-Sp-zoo.html
Transannaberg sp. z o.o.;sekretariat@transannaberg.pl;https://for-driver.info/en/review-company/Transannaberg.html
PHU Wiesław Arendarski;biuro@arendarski.eu;https://for-driver.info/en/review-company/phu-wiesław-arendarski.html
Girteka Logistics;info@girteka.eu;https://for-driver.info/review-company/Girteka_Logistics.html
H.Verdijk Int.Transport;a.mielewczyk@vts.nl;https://for-driver.info/en/review-company/H-Verdijk-Int-Transport.html
Sostmeier Polska;;https://for-driver.info/en/review-company/Sostmeier-Polska.html
VKL WEST SP. Z O.O.;;https://for-driver.info/en/review-company/vkl-west-sp-z-oo.html
Marbel Marek Król;;https://for-driver.info/en/review-company/marbel-marek-krol.html
Ts Express Sp. z o.o.;office@tsexpress.pl;https://for-driver.info/en/review-company/ts-express-sp-z-oo.html
ZEWA - TRANS;zewatrans@wp.pl;https://for-driver.info/en/review-company/ZEWA---TRANS.html
AMG Liquids;amg@amgliquids.eu;https://for-driver.info/en/review-company/AMG-Liquids.html
Girteka Logistics;info@girteka.eu;https://for-driver.info/review-company/Girteka_Logistics.html
INTERSMIT LTD;intersmit@intersmit.pl;https://for-driver.info/en/review-company/INTERSMIT-LTD.html
Samat Polska;biuro@samat.pl;https://for-driver.info/en/review-company/Samat-Polska.html
Grupa Tobi;biuro@grupatobi.pl;https://for-driver.info/en/review-company/grupa-tobi.html
Small Truck Łukasz Szulc;;https://for-driver.info/en/review-company/small-truck-lukasz-szulc.html
Gometal;transport@gometal.eu;https://for-driver.info/en/review-company/Gometal.html
Stanisław Adamczyk;transport.adamczyk@wp.pl;https://for-driver.info/en/review-company/Stanisław-Adamczyk.html
AGRO-ZBYT ZBIGNIEW TRACZ;tracz.zbigniew@gmail.com;https://for-driver.info/en/review-company/AGRO-ZBYT-ZBIGNIEW-TRACZ.html
Girteka Logistics;info@girteka.eu;https://for-driver.info/review-company/Girteka_Logistics.html
BATTRANS Ryszard Hałakuc;kadry@battrans.pl;https://for-driver.info/en/review-company/BATTRANS.html
PNT Logistics Sp. z o.o.;info@pntlogistics.pl;https://for-driver.info/en/review-company/pnt-logistics-sp-z-oo.html
TRANS-DAN;transdan@transdan.pl;https://for-driver.info/en/review-company/TRANS-DAN.html
Jan Bartkowiak Transport;mtdjanbartkowiak@post.pl;https://for-driver.info/en/review-company/jan-bartkowiak-transport.html
Kajot Transport Krzysztof Jackiewicz;phukajot@onet.pl;https://for-driver.info/en/review-company/Kajot-Transport.html
Mega Trans Artur Wasiak;;https://for-driver.info/en/review-company/Mega-Trans-Artur-Wasiak.html
PTZ Stefan Dynerowicz;biuro@dynerowicz.com.pl;https://for-driver.info/en/review-company/ptz-stefan-dynerowicz.html
Girteka Logistics;info@girteka.eu;https://for-driver.info/review-company/Girteka_Logistics.html
AN-BET;an.bet@vp.pl;https://for-driver.info/en/review-company/AN-BET.html
K&K Logistics sp. z o.o.;biuro@kklogistics.com.pl;https://for-driver.info/en/review-company/kk-logistics-sp-z-oo.html
Ambro Logistics Sp. z o.o.;biuro@ambro.eu;https://for-driver.info/en/review-company/Ambro-Logistics-Sp-zoo.html
MarKas Transport;kontakt@markas24.pl;https://for-driver.info/en/review-company/MarKas-Transport.html
Panicz-Transport Grzegorz Panicz;;https://for-driver.info/en/review-company/panicz-transport-grzegorz-panicz.html
